/*
SQLyog Ultimate v11.11 (32 bit)
MySQL - 5.6.20 : Database - db_admin
*********************************************************************
*/

/*!40101 SET NAMES utf8 */;

/*!40101 SET SQL_MODE=''*/;

/*!40014 SET @OLD_UNIQUE_CHECKS=@@UNIQUE_CHECKS, UNIQUE_CHECKS=0 */;
/*!40014 SET @OLD_FOREIGN_KEY_CHECKS=@@FOREIGN_KEY_CHECKS, FOREIGN_KEY_CHECKS=0 */;
/*!40101 SET @OLD_SQL_MODE=@@SQL_MODE, SQL_MODE='NO_AUTO_VALUE_ON_ZERO' */;
/*!40111 SET @OLD_SQL_NOTES=@@SQL_NOTES, SQL_NOTES=0 */;
CREATE DATABASE /*!32312 IF NOT EXISTS*/`db_admin` /*!40100 DEFAULT CHARACTER SET latin1 */;

/*Table structure for table `absensi_tbl` */

DROP TABLE IF EXISTS `absensi_tbl`;

CREATE TABLE `absensi_tbl` (
  `nip` varchar(50) NOT NULL,
  `tanggal` date NOT NULL,
  `absen_pagi` decimal(16,2) NOT NULL,
  `absen_siang` decimal(16,2) NOT NULL,
  `absen_sore` decimal(16,2) NOT NULL,
  `attribut` decimal(16,2) NOT NULL,
  `qversion` int(11) NOT NULL,
  `qid` int(11) NOT NULL AUTO_INCREMENT,
  PRIMARY KEY (`nip`,`tanggal`),
  UNIQUE KEY `absensi_ix1` (`qid`)
) ENGINE=InnoDB AUTO_INCREMENT=330 DEFAULT CHARSET=latin1;

/*Data for the table `absensi_tbl` */

insert  into `absensi_tbl`(`nip`,`tanggal`,`absen_pagi`,`absen_siang`,`absen_sore`,`attribut`,`qversion`,`qid`) values ('195510181980102001','2016-11-01',1.00,1.00,1.00,1.00,1,192),('195510181980102001','2016-11-02',1.00,1.00,1.00,1.00,1,193),('195510181980102001','2016-11-05',1.00,1.00,1.00,1.00,1,194),('195510181980102001','2016-11-06',1.00,1.00,1.00,1.00,1,195),('195510181980102001','2016-11-07',1.00,1.00,1.00,1.00,1,196),('195510181980102001','2016-11-08',1.00,1.00,1.00,1.00,1,197),('195510181980102001','2016-11-09',1.00,1.00,1.00,1.00,1,198),('195510181980102001','2016-11-12',1.00,1.00,1.00,1.00,1,199),('195510181980102001','2016-11-13',1.00,1.00,1.00,1.00,1,200),('195510181980102001','2016-11-14',1.00,1.00,1.00,1.00,1,201),('195510181980102001','2016-11-15',1.00,1.00,1.00,1.00,1,202),('195510181980102001','2016-11-16',1.00,1.00,1.00,1.00,1,203),('195510181980102001','2016-11-17',1.00,1.00,1.00,1.00,1,204),('195510181980102001','2016-11-19',1.00,1.00,1.00,1.00,1,205),('195510181980102001','2016-11-20',1.00,1.00,1.00,1.00,1,206),('195510181980102001','2016-11-21',1.00,1.00,1.00,1.00,1,207),('195510181980102001','2016-11-22',1.00,1.00,1.00,1.00,1,208),('195510181980102001','2016-11-23',1.00,1.00,1.00,1.00,1,209),('195510181980102001','2016-11-26',1.00,1.00,1.00,1.00,1,210),('195510181980102001','2016-11-27',1.00,1.00,1.00,1.00,1,211),('195510181980102001','2016-11-28',1.00,1.00,1.00,1.00,1,212),('195510181980102001','2016-11-29',1.00,1.00,1.00,1.00,1,213),('195510181980102001','2016-11-30',1.00,1.00,1.00,1.00,1,214),('195510181980102001','2016-12-01',1.00,1.00,1.00,1.00,1,307),('195510181980102001','2016-12-02',1.00,1.00,1.00,1.00,1,308),('195510181980102001','2016-12-05',1.00,1.00,1.00,1.00,1,309),('195510181980102001','2016-12-06',1.00,1.00,1.00,1.00,1,310),('195510181980102001','2016-12-07',1.00,1.00,1.00,1.00,1,311),('195510181980102001','2016-12-08',1.00,1.00,1.00,1.00,1,312),('195510181980102001','2016-12-09',1.00,1.00,1.00,1.00,1,313),('195510181980102001','2016-12-12',1.00,1.00,1.00,1.00,1,314),('195510181980102001','2016-12-13',1.00,1.00,1.00,1.00,1,315),('195510181980102001','2016-12-14',1.00,1.00,1.00,1.00,1,316),('195510181980102001','2016-12-15',1.00,1.00,1.00,1.00,1,317),('195510181980102001','2016-12-16',1.00,1.00,1.00,1.00,1,318),('195510181980102001','2016-12-17',1.00,1.00,1.00,1.00,1,319),('195510181980102001','2016-12-19',1.00,1.00,1.00,1.00,1,320),('195510181980102001','2016-12-20',1.00,1.00,1.00,1.00,1,321),('195510181980102001','2016-12-21',1.00,1.00,1.00,1.00,1,322),('195510181980102001','2016-12-22',1.00,1.00,1.00,1.00,1,323),('195510181980102001','2016-12-23',1.00,1.00,1.00,1.00,1,324),('195510181980102001','2016-12-26',1.00,1.00,1.00,1.00,1,325),('195510181980102001','2016-12-27',1.00,1.00,1.00,1.00,1,326),('195510181980102001','2016-12-28',1.00,1.00,1.00,1.00,1,327),('195510181980102001','2016-12-29',1.00,1.00,1.00,1.00,1,328),('195510181980102001','2016-12-30',1.00,1.00,1.00,1.00,1,329),('195608161980031018','2016-10-03',1.00,1.00,1.00,1.00,0,1),('195608161980031018','2016-10-04',1.00,1.00,1.00,1.00,0,2),('195608161980031018','2016-10-05',1.00,1.00,1.00,1.00,0,3),('195608161980031018','2016-10-06',1.00,1.00,1.00,1.00,0,4),('195608161980031018','2016-10-07',1.00,1.00,1.00,1.00,0,5),('195608161980031018','2016-10-10',1.00,1.00,1.00,1.00,0,6),('195608161980031018','2016-10-11',1.00,1.00,1.00,1.00,0,7),('195608161980031018','2016-10-12',1.00,1.00,1.00,1.00,0,8),('195608161980031018','2016-10-13',1.00,1.00,1.00,1.00,0,9),('195608161980031018','2016-10-14',1.00,1.00,1.00,1.00,0,10),('195608161980031018','2016-10-17',1.00,1.00,1.00,1.00,0,11),('195608161980031018','2016-10-18',1.00,1.00,1.00,1.00,0,12),('195608161980031018','2016-10-19',1.00,1.00,1.00,1.00,0,13),('195608161980031018','2016-10-20',1.00,1.00,1.00,1.00,0,14),('195608161980031018','2016-10-21',1.00,1.00,1.00,1.00,0,15),('195608161980031018','2016-10-24',1.00,1.00,1.00,1.00,0,16),('195608161980031018','2016-10-25',1.00,1.00,1.00,1.00,0,17),('195608161980031018','2016-10-26',1.00,1.00,1.00,1.00,0,18),('195608161980031018','2016-10-27',1.00,1.00,1.00,1.00,0,19),('195608161980031018','2016-10-28',1.00,1.00,1.00,1.00,0,20),('195608161980031018','2016-10-31',1.00,1.00,1.00,1.00,0,21),('195703011981032004','2016-10-03',1.00,1.00,1.00,1.00,0,30),('195703011981032004','2016-10-04',1.00,1.00,1.00,1.00,0,31),('195703011981032004','2016-10-05',1.00,1.00,1.00,1.00,0,32),('195703011981032004','2016-10-06',1.00,1.00,1.00,1.00,0,33),('195703011981032004','2016-10-07',1.00,1.00,1.00,1.00,0,34),('195703011981032004','2016-10-10',1.00,1.00,1.00,1.00,0,35),('195703011981032004','2016-10-11',1.00,1.00,1.00,1.00,0,36),('195703011981032004','2016-10-12',1.00,1.00,1.00,1.00,0,37),('195703011981032004','2016-10-13',1.00,1.00,1.00,1.00,0,38),('195703011981032004','2016-10-14',1.00,1.00,1.00,1.00,0,39),('195703011981032004','2016-10-17',1.00,1.00,1.00,1.00,0,40),('195703011981032004','2016-10-18',1.00,1.00,1.00,1.00,0,41),('195703011981032004','2016-10-19',1.00,1.00,1.00,1.00,0,42),('195703011981032004','2016-10-20',1.00,1.00,1.00,1.00,0,43),('195703011981032004','2016-10-21',1.00,1.00,1.00,1.00,0,44),('195703011981032004','2016-10-24',1.00,1.00,1.00,1.00,0,45),('195703011981032004','2016-10-25',1.00,1.00,1.00,1.00,0,46),('195703011981032004','2016-10-26',1.00,1.00,1.00,1.00,0,47),('195703011981032004','2016-10-27',1.00,1.00,1.00,1.00,0,48),('195703011981032004','2016-10-28',1.00,1.00,1.00,1.00,0,49),('195703011981032004','2016-10-31',1.00,1.00,1.00,1.00,0,50),('195703011981032004','2016-11-01',1.00,1.00,1.00,1.00,1,215),('195703011981032004','2016-11-02',1.00,1.00,1.00,1.00,1,216),('195703011981032004','2016-11-05',1.00,1.00,1.00,1.00,1,217),('195703011981032004','2016-11-06',1.00,1.00,1.00,1.00,1,218),('195703011981032004','2016-11-07',1.00,1.00,1.00,1.00,1,219),('195703011981032004','2016-11-08',1.00,1.00,1.00,1.00,1,220),('195703011981032004','2016-11-09',1.00,1.00,1.00,1.00,1,221),('195703011981032004','2016-11-12',1.00,1.00,1.00,1.00,1,222),('195703011981032004','2016-11-13',1.00,1.00,1.00,1.00,1,223),('195703011981032004','2016-11-14',1.00,1.00,1.00,1.00,1,224),('195703011981032004','2016-11-15',1.00,1.00,1.00,1.00,1,225),('195703011981032004','2016-11-16',1.00,1.00,1.00,1.00,1,226),('195703011981032004','2016-11-17',1.00,1.00,1.00,1.00,1,227),('195703011981032004','2016-11-19',1.00,1.00,1.00,1.00,1,228),('195703011981032004','2016-11-20',1.00,1.00,1.00,1.00,1,229),('195703011981032004','2016-11-21',1.00,1.00,1.00,1.00,1,230),('195703011981032004','2016-11-22',1.00,1.00,1.00,1.00,1,231),('195703011981032004','2016-11-23',1.00,1.00,1.00,1.00,1,232),('195703011981032004','2016-11-26',1.00,1.00,1.00,1.00,1,233),('195703011981032004','2016-11-27',1.00,1.00,1.00,1.00,1,234),('195703011981032004','2016-11-28',1.00,1.00,1.00,1.00,1,235),('195703011981032004','2016-11-29',1.00,1.00,1.00,1.00,1,236),('195703011981032004','2016-11-30',1.00,1.00,1.00,1.00,1,237),('195703011981032004','2016-12-01',1.00,1.00,1.00,1.00,1,283),('195703011981032004','2016-12-02',1.00,1.00,1.00,1.00,1,284),('195703011981032004','2016-12-05',1.00,1.00,1.00,1.00,1,285),('195703011981032004','2016-12-06',1.00,1.00,1.00,1.00,1,286),('195703011981032004','2016-12-07',1.00,1.00,1.00,1.00,1,287),('195703011981032004','2016-12-08',1.00,1.00,1.00,1.00,1,288),('195703011981032004','2016-12-09',1.00,1.00,1.00,1.00,1,289),('195703011981032004','2016-12-12',1.00,1.00,1.00,1.00,1,290),('195703011981032004','2016-12-13',1.00,1.00,1.00,1.00,1,291),('195703011981032004','2016-12-14',1.00,1.00,1.00,1.00,1,292),('195703011981032004','2016-12-15',1.00,1.00,1.00,1.00,1,293),('195703011981032004','2016-12-16',1.00,1.00,1.00,1.00,1,294),('195703011981032004','2016-12-17',1.00,1.00,1.00,1.00,1,295),('195703011981032004','2016-12-19',1.00,1.00,1.00,1.00,1,296),('195703011981032004','2016-12-20',1.00,1.00,1.00,1.00,1,297),('195703011981032004','2016-12-21',1.00,1.00,1.00,1.00,1,298),('195703011981032004','2016-12-22',1.00,1.00,1.00,1.00,1,299),('195703011981032004','2016-12-23',1.00,1.00,1.00,1.00,1,300),('195703011981032004','2016-12-26',1.00,1.00,1.00,1.00,1,301),('195703011981032004','2016-12-27',1.00,1.00,1.00,1.00,1,302),('195703011981032004','2016-12-28',1.00,1.00,1.00,1.00,1,303),('195703011981032004','2016-12-29',1.00,1.00,1.00,1.00,1,304),('195703011981032004','2016-12-30',1.00,1.00,1.00,1.00,1,305),('195703251978031007','2016-10-03',1.00,1.00,1.00,1.00,0,59),('195703251978031007','2016-10-04',1.00,1.00,1.00,1.00,0,60),('195703251978031007','2016-10-05',1.00,1.00,1.00,1.00,0,61),('195703251978031007','2016-10-06',1.00,1.00,1.00,1.00,0,62),('195703251978031007','2016-10-07',1.00,1.00,1.00,1.00,0,63),('195703251978031007','2016-10-10',1.00,1.00,1.00,1.00,0,64),('195703251978031007','2016-10-11',1.00,1.00,1.00,1.00,0,65),('195703251978031007','2016-10-12',1.00,1.00,1.00,1.00,0,66),('195703251978031007','2016-10-13',1.00,1.00,1.00,1.00,0,67),('195703251978031007','2016-10-14',1.00,1.00,1.00,1.00,0,68),('195703251978031007','2016-10-17',1.00,1.00,1.00,1.00,0,69),('195703251978031007','2016-10-18',1.00,1.00,1.00,1.00,0,70),('195703251978031007','2016-10-19',1.00,1.00,1.00,1.00,0,71),('195703251978031007','2016-10-20',1.00,1.00,1.00,1.00,0,72),('195703251978031007','2016-10-21',1.00,1.00,1.00,1.00,0,73),('195703251978031007','2016-10-24',1.00,1.00,1.00,1.00,0,74),('195703251978031007','2016-10-25',1.00,1.00,1.00,1.00,0,75),('195703251978031007','2016-10-26',1.00,1.00,1.00,1.00,0,76),('195703251978031007','2016-10-27',1.00,1.00,1.00,1.00,0,77),('195703251978031007','2016-10-28',1.00,1.00,1.00,1.00,0,78),('195703251978031007','2016-10-31',1.00,1.00,1.00,1.00,0,79),('195703251978031007','2016-11-01',1.00,1.00,1.00,1.00,1,238),('195703251978031007','2016-11-02',1.00,1.00,1.00,1.00,1,239),('195703251978031007','2016-11-05',0.50,1.00,1.00,1.00,1,240),('195703251978031007','2016-11-06',0.50,1.00,1.00,1.00,1,241),('195703251978031007','2016-11-07',0.50,1.00,1.00,1.00,1,242),('195703251978031007','2016-11-08',0.50,1.00,1.00,1.00,1,243),('195703251978031007','2016-11-09',0.50,1.00,1.00,1.00,1,244),('195703251978031007','2016-11-12',0.50,1.00,1.00,1.00,1,245),('195703251978031007','2016-11-13',0.50,1.00,1.00,1.00,1,246),('195703251978031007','2016-11-14',1.00,1.00,1.00,1.00,1,247),('195703251978031007','2016-11-15',1.00,1.00,1.00,1.00,1,248),('195703251978031007','2016-11-16',1.00,1.00,1.00,1.00,1,249),('195703251978031007','2016-11-17',1.00,1.00,1.00,1.00,1,250),('195703251978031007','2016-11-19',1.00,1.00,1.00,1.00,1,251),('195703251978031007','2016-11-20',1.00,1.00,1.00,1.00,1,252),('195703251978031007','2016-11-21',1.00,1.00,1.00,1.00,1,253),('195703251978031007','2016-11-22',1.00,1.00,1.00,1.00,1,254),('195703251978031007','2016-11-23',1.00,1.00,1.00,1.00,1,255),('195703251978031007','2016-11-26',1.00,1.00,1.00,1.00,1,256),('195703251978031007','2016-11-27',1.00,1.00,1.00,1.00,1,257),('195703251978031007','2016-11-28',1.00,1.00,1.00,1.00,1,258),('195703251978031007','2016-11-29',1.00,1.00,1.00,1.00,1,259),('195703251978031007','2016-11-30',1.00,1.00,1.00,1.00,1,260),('195703251978031007','2016-12-01',1.00,1.00,1.00,1.00,1,261),('195703251978031007','2016-12-02',1.00,1.00,1.00,1.00,1,262),('195703251978031007','2016-12-05',0.50,1.00,1.00,1.00,1,263),('195703251978031007','2016-12-06',0.50,1.00,1.00,1.00,1,264),('195703251978031007','2016-12-07',0.50,1.00,1.00,1.00,1,265),('195703251978031007','2016-12-08',0.50,1.00,1.00,1.00,1,266),('195703251978031007','2016-12-09',0.50,1.00,1.00,1.00,1,267),('195703251978031007','2016-12-12',0.50,1.00,1.00,1.00,1,268),('195703251978031007','2016-12-13',0.50,1.00,1.00,1.00,1,306),('195703251978031007','2016-12-14',1.00,1.00,1.00,1.00,1,269),('195703251978031007','2016-12-15',1.00,1.00,1.00,1.00,1,270),('195703251978031007','2016-12-16',1.00,1.00,1.00,1.00,1,271),('195703251978031007','2016-12-17',1.00,1.00,1.00,1.00,1,272),('195703251978031007','2016-12-19',1.00,1.00,1.00,1.00,1,273),('195703251978031007','2016-12-20',1.00,1.00,1.00,1.00,1,274),('195703251978031007','2016-12-21',1.00,1.00,1.00,1.00,1,275),('195703251978031007','2016-12-22',1.00,1.00,1.00,1.00,1,276),('195703251978031007','2016-12-23',1.00,1.00,1.00,1.00,1,277),('195703251978031007','2016-12-26',1.00,1.00,1.00,1.00,1,278),('195703251978031007','2016-12-27',1.00,1.00,1.00,1.00,1,279),('195703251978031007','2016-12-28',1.00,1.00,1.00,1.00,1,280),('195703251978031007','2016-12-29',1.00,1.00,1.00,1.00,1,281),('195703251978031007','2016-12-30',1.00,1.00,1.00,1.00,1,282),('195708101982012007','2016-10-03',1.00,1.00,1.00,1.00,0,88),('195708101982012007','2016-10-04',1.00,1.00,1.00,1.00,0,89),('195708101982012007','2016-10-05',1.00,1.00,1.00,1.00,0,90),('195708101982012007','2016-10-06',1.00,1.00,1.00,1.00,0,91),('195708101982012007','2016-10-07',1.00,1.00,1.00,1.00,0,92),('195708101982012007','2016-10-10',1.00,1.00,1.00,1.00,0,93),('195708101982012007','2016-10-11',1.00,1.00,1.00,1.00,0,94),('195708101982012007','2016-10-12',1.00,1.00,1.00,1.00,0,95),('195708101982012007','2016-10-13',1.00,1.00,1.00,1.00,0,96),('195708101982012007','2016-10-14',1.00,1.00,1.00,1.00,0,97),('195708101982012007','2016-10-17',1.00,1.00,1.00,1.00,0,98),('195708101982012007','2016-10-18',1.00,1.00,1.00,1.00,0,99),('195708101982012007','2016-10-19',1.00,1.00,1.00,1.00,0,100),('195708101982012007','2016-10-20',1.00,1.00,1.00,1.00,0,101),('195708101982012007','2016-10-21',1.00,1.00,1.00,1.00,0,102),('195708101982012007','2016-10-24',1.00,1.00,1.00,1.00,0,103),('195708101982012007','2016-10-25',1.00,1.00,1.00,1.00,0,104),('195708101982012007','2016-10-26',1.00,1.00,1.00,1.00,0,105),('195708101982012007','2016-10-27',1.00,1.00,1.00,1.00,0,106),('195708101982012007','2016-10-28',1.00,1.00,1.00,1.00,0,107),('195708101982012007','2016-10-31',1.00,1.00,1.00,1.00,0,108),('195711141981031006','2016-10-03',1.00,1.00,1.00,1.00,0,117),('195711141981031006','2016-10-04',1.00,1.00,1.00,1.00,0,118),('195711141981031006','2016-10-05',1.00,1.00,1.00,1.00,0,119),('195711141981031006','2016-10-06',1.00,1.00,1.00,1.00,0,120),('195711141981031006','2016-10-07',1.00,1.00,1.00,1.00,0,121),('195711141981031006','2016-10-10',1.00,1.00,1.00,1.00,0,122),('195711141981031006','2016-10-11',1.00,1.00,1.00,1.00,0,123),('195711141981031006','2016-10-12',1.00,1.00,1.00,1.00,0,124),('195711141981031006','2016-10-13',1.00,1.00,1.00,1.00,0,125),('195711141981031006','2016-10-14',1.00,1.00,1.00,1.00,0,126),('195711141981031006','2016-10-17',1.00,1.00,1.00,1.00,0,127),('195711141981031006','2016-10-18',1.00,1.00,1.00,1.00,0,128),('195711141981031006','2016-10-19',1.00,1.00,1.00,1.00,0,129),('195711141981031006','2016-10-20',1.00,1.00,1.00,1.00,0,130),('195711141981031006','2016-10-21',1.00,1.00,1.00,1.00,0,131),('195711141981031006','2016-10-24',1.00,1.00,1.00,1.00,0,132),('195711141981031006','2016-10-25',1.00,1.00,1.00,1.00,0,133),('195711141981031006','2016-10-26',1.00,1.00,1.00,1.00,0,134),('195711141981031006','2016-10-27',1.00,1.00,1.00,1.00,0,135),('195711141981031006','2016-10-28',1.00,1.00,1.00,1.00,0,136),('195711141981031006','2016-10-31',1.00,1.00,1.00,1.00,0,137);

/*Table structure for table `admin_preferences` */

DROP TABLE IF EXISTS `admin_preferences`;

CREATE TABLE `admin_preferences` (
  `id` tinyint(1) NOT NULL AUTO_INCREMENT,
  `user_panel` tinyint(1) NOT NULL DEFAULT '0',
  `sidebar_form` tinyint(1) NOT NULL DEFAULT '0',
  `messages_menu` tinyint(1) NOT NULL DEFAULT '0',
  `notifications_menu` tinyint(1) NOT NULL DEFAULT '0',
  `tasks_menu` tinyint(1) NOT NULL DEFAULT '0',
  `user_menu` tinyint(1) NOT NULL DEFAULT '1',
  `ctrl_sidebar` tinyint(1) NOT NULL DEFAULT '0',
  `transition_page` tinyint(1) NOT NULL DEFAULT '0',
  PRIMARY KEY (`id`)
) ENGINE=InnoDB AUTO_INCREMENT=2 DEFAULT CHARSET=utf8;

/*Data for the table `admin_preferences` */

insert  into `admin_preferences`(`id`,`user_panel`,`sidebar_form`,`messages_menu`,`notifications_menu`,`tasks_menu`,`user_menu`,`ctrl_sidebar`,`transition_page`) values (1,0,0,0,0,0,1,0,0);

/*Table structure for table `aktifitas_tupoksi_tbl` */

DROP TABLE IF EXISTS `aktifitas_tupoksi_tbl`;

CREATE TABLE `aktifitas_tupoksi_tbl` (
  `id_tupoksi` varchar(50) NOT NULL,
  `id_uraian` varchar(50) NOT NULL,
  `id_aktifitas` varchar(50) NOT NULL,
  `kategori` varchar(50) DEFAULT NULL,
  `nama_aktifitas` varchar(50) DEFAULT NULL,
  `tingkat_kesulitan` decimal(17,2) DEFAULT NULL,
  `lama_waktu` decimal(17,2) DEFAULT NULL,
  `bobot` decimal(17,2) DEFAULT NULL,
  `satuan_output` decimal(17,2) DEFAULT NULL,
  `aktif` varchar(1) DEFAULT NULL,
  `qversion` int(11) NOT NULL,
  `qid` int(11) NOT NULL AUTO_INCREMENT,
  PRIMARY KEY (`id_aktifitas`,`id_tupoksi`,`id_uraian`),
  UNIQUE KEY `aktivitas_tupoksi_ix1` (`qid`)
) ENGINE=InnoDB AUTO_INCREMENT=3 DEFAULT CHARSET=latin1;

/*Data for the table `aktifitas_tupoksi_tbl` */

insert  into `aktifitas_tupoksi_tbl`(`id_tupoksi`,`id_uraian`,`id_aktifitas`,`kategori`,`nama_aktifitas`,`tingkat_kesulitan`,`lama_waktu`,`bobot`,`satuan_output`,`aktif`,`qversion`,`qid`) values ('TPK_001','TPK_001','AK001','operasional','Melakukan survey(per lokasi)',2.00,120.00,1.00,2.00,NULL,0,2);

/*Table structure for table `anak` */

DROP TABLE IF EXISTS `anak`;

CREATE TABLE `anak` (
  `NIP` varchar(50) NOT NULL,
  `Anak_Nama` varchar(100) NOT NULL,
  `Anak_TmpLahir` varchar(50) NOT NULL,
  `Anak_TglLahir` date NOT NULL,
  `Anak_Kelamin` varchar(20) NOT NULL,
  `Anak_Status` varchar(20) NOT NULL,
  `Anak_Pendidikan` varchar(50) NOT NULL,
  `Anak_Pekerjaan` varchar(30) NOT NULL,
  `Anak_Tunjangan` varchar(10) NOT NULL,
  `ID_Anak` int(11) NOT NULL AUTO_INCREMENT,
  PRIMARY KEY (`ID_Anak`)
) ENGINE=InnoDB DEFAULT CHARSET=latin1;

/*Data for the table `anak` */

/*Table structure for table `golongan_tbl` */

DROP TABLE IF EXISTS `golongan_tbl`;

CREATE TABLE `golongan_tbl` (
  `id_golongan` varchar(50) NOT NULL,
  `nama_golongan` varchar(50) DEFAULT NULL,
  `jml_diterima` decimal(16,2) DEFAULT NULL,
  `qversion` int(11) DEFAULT NULL,
  `qid` int(11) NOT NULL AUTO_INCREMENT,
  PRIMARY KEY (`id_golongan`),
  UNIQUE KEY `golongan_ix1` (`qid`)
) ENGINE=InnoDB AUTO_INCREMENT=25 DEFAULT CHARSET=latin1;

/*Data for the table `golongan_tbl` */

insert  into `golongan_tbl`(`id_golongan`,`nama_golongan`,`jml_diterima`,`qversion`,`qid`) values ('es_1','Eselon I',32500000.00,NULL,21),('es_2','Eselon II',11000000.00,NULL,22),('es_3','Eselon III',3500000.00,NULL,23),('es_4','Eselon IV',1800000.00,NULL,24),('gol_1','Golongan I',800000.00,NULL,17),('gol_2','Golongan II',850000.00,NULL,18),('gol_3','Golongan III',1000000.00,NULL,19),('gol_4','Golongan IV',1200000.00,NULL,20);

/*Table structure for table `group_golongan_tbl` */

DROP TABLE IF EXISTS `group_golongan_tbl`;

CREATE TABLE `group_golongan_tbl` (
  `id_golongan` varchar(50) NOT NULL,
  `id_gol` varchar(50) NOT NULL,
  `qversion` int(11) DEFAULT NULL,
  `qid` int(11) NOT NULL AUTO_INCREMENT,
  PRIMARY KEY (`id_golongan`,`id_gol`),
  UNIQUE KEY `group_golongan_ix1` (`qid`)
) ENGINE=InnoDB AUTO_INCREMENT=16 DEFAULT CHARSET=latin1;

/*Data for the table `group_golongan_tbl` */

insert  into `group_golongan_tbl`(`id_golongan`,`id_gol`,`qversion`,`qid`) values ('gol_1a','gol_1',NULL,1),('gol_1b','gol_1',NULL,2),('gol_1c','gol_1',NULL,3),('gol_1d','gol_1',NULL,4),('gol_2a','gol_2',NULL,5),('gol_2b','gol_2',NULL,6),('gol_2c','gol_2',NULL,7),('gol_2d','gol_2',NULL,8),('gol_3a','gol_3',NULL,9),('gol_3b','gol_3',NULL,10),('gol_3c','gol_3',NULL,11),('gol_3d','gol_3',NULL,12),('gol_4a','gol_4',NULL,13),('gol_4b','gol_4',NULL,14),('gol_4c','gol_4',NULL,15);

/*Table structure for table `groups` */

DROP TABLE IF EXISTS `groups`;

CREATE TABLE `groups` (
  `id` mediumint(8) unsigned NOT NULL AUTO_INCREMENT,
  `name` varchar(20) NOT NULL,
  `description` varchar(100) NOT NULL,
  `bgcolor` char(7) NOT NULL DEFAULT '#607D8B',
  PRIMARY KEY (`id`)
) ENGINE=InnoDB AUTO_INCREMENT=4 DEFAULT CHARSET=utf8;

/*Data for the table `groups` */

insert  into `groups`(`id`,`name`,`description`,`bgcolor`) values (1,'admin','Administrator','#f44336'),(2,'members','General User','#2196F3'),(3,'info','Restrict User','#673ab7');

/*Table structure for table `kabupaten` */

DROP TABLE IF EXISTS `kabupaten`;

CREATE TABLE `kabupaten` (
  `kab_id` int(11) NOT NULL AUTO_INCREMENT,
  `prov_id` int(11) NOT NULL DEFAULT '0',
  `kab_nama` varchar(100) NOT NULL,
  PRIMARY KEY (`kab_id`)
) ENGINE=InnoDB DEFAULT CHARSET=latin1;

/*Data for the table `kabupaten` */

/*Table structure for table `kecamatan` */

DROP TABLE IF EXISTS `kecamatan`;

CREATE TABLE `kecamatan` (
  `kec_id` int(11) NOT NULL AUTO_INCREMENT,
  `kab_id` int(11) NOT NULL,
  `kec_nama` varchar(100) NOT NULL,
  PRIMARY KEY (`kec_id`)
) ENGINE=InnoDB DEFAULT CHARSET=latin1;

/*Data for the table `kecamatan` */

/*Table structure for table `kegiatan_tbl` */

DROP TABLE IF EXISTS `kegiatan_tbl`;

CREATE TABLE `kegiatan_tbl` (
  `nip` varchar(50) NOT NULL,
  `kd_skpd` varchar(50) NOT NULL,
  `kd_position` varchar(50) NOT NULL,
  `kd_tupoksi` varchar(50) NOT NULL,
  `kd_uraian` varchar(50) NOT NULL,
  `kd_kegiatan` varchar(50) NOT NULL,
  `tgl_kegiatan` date NOT NULL,
  `uraian_kegiatan` varchar(3000) NOT NULL,
  `nilai` decimal(16,2) DEFAULT NULL,
  `qversion` int(11) DEFAULT NULL,
  `qid` int(11) NOT NULL AUTO_INCREMENT,
  PRIMARY KEY (`nip`,`kd_skpd`,`kd_position`,`kd_tupoksi`,`kd_uraian`,`kd_kegiatan`,`tgl_kegiatan`),
  UNIQUE KEY `kegiatan_ix1` (`qid`)
) ENGINE=InnoDB AUTO_INCREMENT=237 DEFAULT CHARSET=latin1;

/*Data for the table `kegiatan_tbl` */

insert  into `kegiatan_tbl`(`nip`,`kd_skpd`,`kd_position`,`kd_tupoksi`,`kd_uraian`,`kd_kegiatan`,`tgl_kegiatan`,`uraian_kegiatan`,`nilai`,`qversion`,`qid`) values ('195510181980102001','KD01','JBT01','001','001','1','2016-12-01','Membuat Laporan',100.00,1,214),('195510181980102001','KD01','JBT01','001','001','1','2016-12-02','Membuat Laporan',100.00,1,215),('195510181980102001','KD01','JBT01','001','001','1','2016-12-05','Membuat Laporan',100.00,1,216),('195510181980102001','KD01','JBT01','001','001','1','2016-12-06','Membuat Laporan',100.00,1,217),('195510181980102001','KD01','JBT01','001','001','1','2016-12-07','Membuat Laporan',100.00,1,218),('195510181980102001','KD01','JBT01','001','001','1','2016-12-08','Membuat Laporan',100.00,1,219),('195510181980102001','KD01','JBT01','001','001','1','2016-12-09','Membuat Laporan',100.00,1,220),('195510181980102001','KD01','JBT01','001','001','1','2016-12-12','Membuat Laporan',100.00,1,221),('195510181980102001','KD01','JBT01','001','001','1','2016-12-13','Membuat Laporan',100.00,1,222),('195510181980102001','KD01','JBT01','001','001','1','2016-12-14','Membuat Laporan',100.00,1,223),('195510181980102001','KD01','JBT01','001','001','1','2016-12-15','Membuat Laporan',100.00,1,224),('195510181980102001','KD01','JBT01','001','001','1','2016-12-16','Membuat Laporan',100.00,1,225),('195510181980102001','KD01','JBT01','001','001','1','2016-12-17','Membuat Laporan',100.00,1,226),('195510181980102001','KD01','JBT01','001','001','1','2016-12-20','Membuat Laporan',100.00,1,227),('195510181980102001','KD01','JBT01','001','001','1','2016-12-21','Membuat Laporan',100.00,1,228),('195510181980102001','KD01','JBT01','001','001','1','2016-12-22','Membuat Laporan',100.00,1,229),('195510181980102001','KD01','JBT01','001','001','1','2016-12-23','Membuat Laporan',100.00,1,230),('195510181980102001','KD01','JBT01','001','001','1','2016-12-26','Membuat Laporan',100.00,1,231),('195510181980102001','KD01','JBT01','001','001','1','2016-12-27','Membuat Laporan',100.00,1,232),('195510181980102001','KD01','JBT01','001','001','1','2016-12-29','Membuat Laporan',100.00,1,233),('195510181980102001','KD01','JBT01','001','001','1','2016-12-30','Membuat Laporan',100.00,1,234),('195608161980031018','KD01','JBT02','001','001','001','2016-10-03','Membuat Laporan',100.00,NULL,1),('195608161980031018','KD01','JBT02','001','001','001','2016-10-04','Membuat Laporan',100.00,NULL,7),('195608161980031018','KD01','JBT02','001','001','001','2016-10-05','Membuat Laporan',100.00,NULL,12),('195608161980031018','KD01','JBT02','001','001','001','2016-10-06','Membuat Laporan',100.00,NULL,17),('195608161980031018','KD01','JBT02','001','001','001','2016-10-07','Membuat Laporan',100.00,NULL,22),('195608161980031018','KD01','JBT02','001','001','001','2016-10-10','Membuat Laporan',100.00,NULL,27),('195608161980031018','KD01','JBT02','001','001','001','2016-10-11','Membuat Laporan',100.00,NULL,32),('195608161980031018','KD01','JBT02','001','001','001','2016-10-12','Membuat Laporan',100.00,NULL,37),('195608161980031018','KD01','JBT02','001','001','001','2016-10-13','Membuat Laporan',100.00,NULL,42),('195608161980031018','KD01','JBT02','001','001','001','2016-10-14','Membuat Laporan',100.00,NULL,47),('195608161980031018','KD01','JBT02','001','001','001','2016-10-17','Membuat Laporan',100.00,NULL,52),('195608161980031018','KD01','JBT02','001','001','001','2016-10-18','Membuat Laporan',100.00,NULL,57),('195608161980031018','KD01','JBT02','001','001','001','2016-10-19','Membuat Laporan',100.00,NULL,62),('195608161980031018','KD01','JBT02','001','001','001','2016-10-20','Membuat Laporan',100.00,NULL,67),('195608161980031018','KD01','JBT02','001','001','001','2016-10-21','Membuat Laporan',100.00,NULL,72),('195608161980031018','KD01','JBT02','001','001','001','2016-10-24','Membuat Laporan',100.00,NULL,77),('195608161980031018','KD01','JBT02','001','001','001','2016-10-25','Membuat Laporan',100.00,NULL,82),('195608161980031018','KD01','JBT02','001','001','001','2016-10-26','Membuat Laporan',100.00,NULL,87),('195608161980031018','KD01','JBT02','001','001','001','2016-10-27','Membuat Laporan',100.00,NULL,92),('195608161980031018','KD01','JBT02','001','001','001','2016-10-28','Membuat Laporan',100.00,NULL,97),('195608161980031018','KD01','JBT02','001','001','001','2016-10-31','Membuat Laporan',100.00,NULL,102),('195608161980031018','KD01','JBT02','001','001','001','2016-11-01','Membuat Laporan',100.00,NULL,107),('195608161980031018','KD01','JBT02','001','001','001','2016-11-02','Membuat Laporan',100.00,NULL,112),('195608161980031018','KD01','JBT02','001','001','001','2016-11-04','Membuat Laporan',100.00,NULL,117),('195608161980031018','KD01','JBT02','001','001','001','2016-11-07','Membuat Laporan',100.00,NULL,122),('195608161980031018','KD01','JBT02','001','001','001','2016-11-08','Membuat Laporan',100.00,NULL,127),('195608161980031018','KD01','JBT02','001','001','001','2016-11-09','Membuat Laporan',100.00,NULL,132),('195608161980031018','KD01','JBT02','001','001','001','2016-11-10','Membuat Laporan',100.00,NULL,137),('195608161980031018','KD01','JBT02','001','001','001','2016-11-11','Membuat Laporan',100.00,NULL,142),('195703011981032004','KD01','JBT06','001','001','001','2016-10-03','Membuat Laporan',40.00,NULL,2),('195703011981032004','KD01','JBT06','001','001','001','2016-10-04','Membuat Laporan',100.00,NULL,8),('195703011981032004','KD01','JBT06','001','001','001','2016-10-05','Membuat Laporan',100.00,NULL,13),('195703011981032004','KD01','JBT06','001','001','001','2016-10-06','Membuat Laporan',100.00,NULL,18),('195703011981032004','KD01','JBT06','001','001','001','2016-10-07','Membuat Laporan',100.00,NULL,23),('195703011981032004','KD01','JBT06','001','001','001','2016-10-10','Membuat Laporan',100.00,NULL,28),('195703011981032004','KD01','JBT06','001','001','001','2016-10-11','Membuat Laporan',100.00,NULL,33),('195703011981032004','KD01','JBT06','001','001','001','2016-10-12','Membuat Laporan',100.00,NULL,38),('195703011981032004','KD01','JBT06','001','001','001','2016-10-13','Membuat Laporan',100.00,NULL,43),('195703011981032004','KD01','JBT06','001','001','001','2016-10-14','Membuat Laporan',100.00,NULL,48),('195703011981032004','KD01','JBT06','001','001','001','2016-10-17','Membuat Laporan',100.00,NULL,53),('195703011981032004','KD01','JBT06','001','001','001','2016-10-18','Membuat Laporan',100.00,NULL,58),('195703011981032004','KD01','JBT06','001','001','001','2016-10-19','Membuat Laporan',100.00,NULL,63),('195703011981032004','KD01','JBT06','001','001','001','2016-10-20','Membuat Laporan',100.00,NULL,68),('195703011981032004','KD01','JBT06','001','001','001','2016-10-21','Membuat Laporan',100.00,NULL,73),('195703011981032004','KD01','JBT06','001','001','001','2016-10-24','Membuat Laporan',100.00,NULL,78),('195703011981032004','KD01','JBT06','001','001','001','2016-10-25','Membuat Laporan',100.00,NULL,83),('195703011981032004','KD01','JBT06','001','001','001','2016-10-26','Membuat Laporan',100.00,NULL,88),('195703011981032004','KD01','JBT06','001','001','001','2016-10-27','Membuat Laporan',100.00,NULL,93),('195703011981032004','KD01','JBT06','001','001','001','2016-10-28','Membuat Laporan',100.00,NULL,98),('195703011981032004','KD01','JBT06','001','001','001','2016-10-31','Membuat Laporan',100.00,NULL,103),('195703011981032004','KD01','JBT06','001','001','001','2016-11-01','Membuat Laporan',100.00,NULL,108),('195703011981032004','KD01','JBT06','001','001','001','2016-11-02','Membuat Laporan',100.00,NULL,113),('195703011981032004','KD01','JBT06','001','001','001','2016-11-04','Membuat Laporan',100.00,NULL,118),('195703011981032004','KD01','JBT06','001','001','001','2016-11-07','Membuat Laporan',100.00,NULL,123),('195703011981032004','KD01','JBT06','001','001','001','2016-11-08','Membuat Laporan',100.00,NULL,128),('195703011981032004','KD01','JBT06','001','001','001','2016-11-09','Membuat Laporan',100.00,NULL,133),('195703011981032004','KD01','JBT06','001','001','001','2016-11-10','Membuat Laporan',100.00,NULL,138),('195703011981032004','KD01','JBT06','001','001','001','2016-11-11','Membuat Laporan',100.00,NULL,143),('195703011981032004','KD01','JBT06','001','001','003','2016-12-01','ikut seminar',100.00,NULL,236),('195703011981032004','KD01','JBT06','001','001','1','2016-12-01','Membuat Laporan',100.00,1,193),('195703011981032004','KD01','JBT06','001','001','1','2016-12-02','Membuat Laporan',100.00,1,194),('195703011981032004','KD01','JBT06','001','001','1','2016-12-05','Membuat Laporan',100.00,1,195),('195703011981032004','KD01','JBT06','001','001','1','2016-12-06','Membuat Laporan',100.00,1,196),('195703011981032004','KD01','JBT06','001','001','1','2016-12-07','Membuat Laporan',100.00,1,197),('195703011981032004','KD01','JBT06','001','001','1','2016-12-08','Membuat Laporan',100.00,1,198),('195703011981032004','KD01','JBT06','001','001','1','2016-12-09','Membuat Laporan',100.00,1,199),('195703011981032004','KD01','JBT06','001','001','1','2016-12-12','Membuat Laporan',100.00,1,200),('195703011981032004','KD01','JBT06','001','001','1','2016-12-13','Membuat Laporan',100.00,1,201),('195703011981032004','KD01','JBT06','001','001','1','2016-12-14','Membuat Laporan',100.00,1,202),('195703011981032004','KD01','JBT06','001','001','1','2016-12-15','Membuat Laporan',100.00,1,203),('195703011981032004','KD01','JBT06','001','001','1','2016-12-16','Membuat Laporan',100.00,1,204),('195703011981032004','KD01','JBT06','001','001','1','2016-12-17','Membuat Laporan',100.00,1,205),('195703011981032004','KD01','JBT06','001','001','1','2016-12-20','Membuat Laporan',100.00,1,206),('195703011981032004','KD01','JBT06','001','001','1','2016-12-21','Membuat Laporan',100.00,1,207),('195703011981032004','KD01','JBT06','001','001','1','2016-12-22','Membuat Laporan',100.00,1,208),('195703011981032004','KD01','JBT06','001','001','1','2016-12-23','Membuat Laporan',100.00,1,209),('195703011981032004','KD01','JBT06','001','001','1','2016-12-26','Membuat Laporan',100.00,1,210),('195703011981032004','KD01','JBT06','001','001','1','2016-12-27','Membuat Laporan',100.00,1,211),('195703011981032004','KD01','JBT06','001','001','1','2016-12-29','Membuat Laporan',100.00,1,212),('195703011981032004','KD01','JBT06','001','001','1','2016-12-30','Membuat Laporan',100.00,1,213),('195703011981032004','KD01','JBT06','001','003','003','2016-11-30','menyelesaikan kumpulan data',NULL,NULL,150),('195703011981032004','KD01','JBT06','001','004','002','2016-11-30','monev penelitian',80.00,NULL,149),('195703011981032004','KD01','JBT06','001','005','001','2016-11-30','laporan',100.00,NULL,148),('195703011981032004','KD01','JBT06','001','006','002','2016-12-01','membuat laporan kinerja',60.00,NULL,235),('195703251978031007','KD01','JBT09','001','001','001','2016-10-03','Membuat Laporan',100.00,NULL,3),('195703251978031007','KD01','JBT09','001','001','001','2016-10-04','Membuat Laporan',100.00,NULL,9),('195703251978031007','KD01','JBT09','001','001','001','2016-10-05','Membuat Laporan',100.00,NULL,14),('195703251978031007','KD01','JBT09','001','001','001','2016-10-06','Membuat Laporan',100.00,NULL,19),('195703251978031007','KD01','JBT09','001','001','001','2016-10-07','Membuat Laporan',100.00,NULL,24),('195703251978031007','KD01','JBT09','001','001','001','2016-10-10','Membuat Laporan',100.00,NULL,29),('195703251978031007','KD01','JBT09','001','001','001','2016-10-11','Membuat Laporan',100.00,NULL,34),('195703251978031007','KD01','JBT09','001','001','001','2016-10-12','Membuat Laporan',100.00,NULL,39),('195703251978031007','KD01','JBT09','001','001','001','2016-10-13','Membuat Laporan',100.00,NULL,44),('195703251978031007','KD01','JBT09','001','001','001','2016-10-14','Membuat Laporan',100.00,NULL,49),('195703251978031007','KD01','JBT09','001','001','001','2016-10-17','Membuat Laporan',100.00,NULL,54),('195703251978031007','KD01','JBT09','001','001','001','2016-10-18','Membuat Laporan',100.00,NULL,59),('195703251978031007','KD01','JBT09','001','001','001','2016-10-19','Membuat Laporan',100.00,NULL,64),('195703251978031007','KD01','JBT09','001','001','001','2016-10-20','Membuat Laporan',100.00,NULL,69),('195703251978031007','KD01','JBT09','001','001','001','2016-10-21','Membuat Laporan',100.00,NULL,74),('195703251978031007','KD01','JBT09','001','001','001','2016-10-24','Membuat Laporan',100.00,NULL,79),('195703251978031007','KD01','JBT09','001','001','001','2016-10-25','Membuat Laporan',100.00,NULL,84),('195703251978031007','KD01','JBT09','001','001','001','2016-10-26','Membuat Laporan',100.00,NULL,89),('195703251978031007','KD01','JBT09','001','001','001','2016-10-27','Membuat Laporan',100.00,NULL,94),('195703251978031007','KD01','JBT09','001','001','001','2016-10-28','Membuat Laporan',100.00,NULL,99),('195703251978031007','KD01','JBT09','001','001','001','2016-10-31','Membuat Laporan',100.00,NULL,104),('195703251978031007','KD01','JBT09','001','001','001','2016-11-01','Membuat Laporan',100.00,NULL,109),('195703251978031007','KD01','JBT09','001','001','001','2016-11-02','Membuat Laporan',100.00,NULL,114),('195703251978031007','KD01','JBT09','001','001','001','2016-11-04','Membuat Laporan',100.00,NULL,119),('195703251978031007','KD01','JBT09','001','001','001','2016-11-07','Membuat Laporan',100.00,NULL,124),('195703251978031007','KD01','JBT09','001','001','001','2016-11-08','Membuat Laporan',100.00,NULL,129),('195703251978031007','KD01','JBT09','001','001','001','2016-11-09','Membuat Laporan',100.00,NULL,134),('195703251978031007','KD01','JBT09','001','001','001','2016-11-10','Membuat Laporan',100.00,NULL,139),('195703251978031007','KD01','JBT09','001','001','001','2016-11-11','Membuat Laporan',100.00,NULL,144),('195703251978031007','KD01','JBT09','001','001','1','2016-12-01','Membuat Laporan',100.00,1,151),('195703251978031007','KD01','JBT09','001','001','1','2016-12-02','Membuat Laporan',100.00,1,152),('195703251978031007','KD01','JBT09','001','001','1','2016-12-05','Membuat Laporan',100.00,1,153),('195703251978031007','KD01','JBT09','001','001','1','2016-12-06','Membuat Laporan',100.00,1,154),('195703251978031007','KD01','JBT09','001','001','1','2016-12-07','Membuat Laporan',100.00,1,155),('195703251978031007','KD01','JBT09','001','001','1','2016-12-08','Membuat Laporan',100.00,1,156),('195703251978031007','KD01','JBT09','001','001','1','2016-12-09','Membuat Laporan',100.00,1,157),('195703251978031007','KD01','JBT09','001','001','1','2016-12-12','Membuat Laporan',100.00,1,158),('195703251978031007','KD01','JBT09','001','001','1','2016-12-13','Membuat Laporan',100.00,1,159),('195703251978031007','KD01','JBT09','001','001','1','2016-12-14','Membuat Laporan',100.00,1,160),('195703251978031007','KD01','JBT09','001','001','1','2016-12-15','Membuat Laporan',100.00,1,161),('195703251978031007','KD01','JBT09','001','001','1','2016-12-16','Membuat Laporan',100.00,1,162),('195703251978031007','KD01','JBT09','001','001','1','2016-12-17','Membuat Laporan',100.00,1,163),('195703251978031007','KD01','JBT09','001','001','1','2016-12-20','Membuat Laporan',100.00,1,164),('195703251978031007','KD01','JBT09','001','001','1','2016-12-21','Membuat Laporan',100.00,1,165),('195703251978031007','KD01','JBT09','001','001','1','2016-12-22','Membuat Laporan',100.00,1,166),('195703251978031007','KD01','JBT09','001','001','1','2016-12-23','Membuat Laporan',100.00,1,167),('195703251978031007','KD01','JBT09','001','001','1','2016-12-26','Membuat Laporan',100.00,1,168),('195703251978031007','KD01','JBT09','001','001','1','2016-12-27','Membuat Laporan',100.00,1,169),('195703251978031007','KD01','JBT09','001','001','1','2016-12-29','Membuat Laporan',100.00,1,170),('195703251978031007','KD01','JBT09','001','001','1','2016-12-30','Membuat Laporan',100.00,1,171),('195708101982012007','KD01','JBT12','001','001','001','2016-10-03','Membuat Laporan',100.00,NULL,4),('195708101982012007','KD01','JBT12','001','001','001','2016-10-04','Membuat Laporan',100.00,NULL,10),('195708101982012007','KD01','JBT12','001','001','001','2016-10-05','Membuat Laporan',100.00,NULL,15),('195708101982012007','KD01','JBT12','001','001','001','2016-10-06','Membuat Laporan',100.00,NULL,20),('195708101982012007','KD01','JBT12','001','001','001','2016-10-07','Membuat Laporan',100.00,NULL,25),('195708101982012007','KD01','JBT12','001','001','001','2016-10-10','Membuat Laporan',100.00,NULL,30),('195708101982012007','KD01','JBT12','001','001','001','2016-10-11','Membuat Laporan',100.00,NULL,35),('195708101982012007','KD01','JBT12','001','001','001','2016-10-12','Membuat Laporan',100.00,NULL,40),('195708101982012007','KD01','JBT12','001','001','001','2016-10-13','Membuat Laporan',100.00,NULL,45),('195708101982012007','KD01','JBT12','001','001','001','2016-10-14','Membuat Laporan',100.00,NULL,50),('195708101982012007','KD01','JBT12','001','001','001','2016-10-17','Membuat Laporan',100.00,NULL,55),('195708101982012007','KD01','JBT12','001','001','001','2016-10-18','Membuat Laporan',100.00,NULL,60),('195708101982012007','KD01','JBT12','001','001','001','2016-10-19','Membuat Laporan',100.00,NULL,65),('195708101982012007','KD01','JBT12','001','001','001','2016-10-20','Membuat Laporan',100.00,NULL,70),('195708101982012007','KD01','JBT12','001','001','001','2016-10-21','Membuat Laporan',100.00,NULL,75),('195708101982012007','KD01','JBT12','001','001','001','2016-10-24','Membuat Laporan',100.00,NULL,80),('195708101982012007','KD01','JBT12','001','001','001','2016-10-25','Membuat Laporan',100.00,NULL,85),('195708101982012007','KD01','JBT12','001','001','001','2016-10-26','Membuat Laporan',100.00,NULL,90),('195708101982012007','KD01','JBT12','001','001','001','2016-10-27','Membuat Laporan',100.00,NULL,95),('195708101982012007','KD01','JBT12','001','001','001','2016-10-28','Membuat Laporan',100.00,NULL,100),('195708101982012007','KD01','JBT12','001','001','001','2016-10-31','Membuat Laporan',100.00,NULL,105),('195708101982012007','KD01','JBT12','001','001','001','2016-11-01','Membuat Laporan',54.00,NULL,110),('195708101982012007','KD01','JBT12','001','001','001','2016-11-02','Membuat Laporan',43.00,NULL,115),('195708101982012007','KD01','JBT12','001','001','001','2016-11-04','Membuat Laporan',80.00,NULL,120),('195708101982012007','KD01','JBT12','001','001','001','2016-11-07','Membuat Laporan',78.00,NULL,125),('195708101982012007','KD01','JBT12','001','001','001','2016-11-08','Membuat Laporan',34.00,NULL,130),('195708101982012007','KD01','JBT12','001','001','001','2016-11-09','Membuat Laporan',98.00,NULL,135),('195708101982012007','KD01','JBT12','001','001','001','2016-11-10','Membuat Laporan',57.00,NULL,140),('195708101982012007','KD01','JBT12','001','001','001','2016-11-11','Membuat Laporan',70.00,NULL,145),('195711141981031006','KD01','JBT15','001','001','001','2016-10-03','Membuat Laporan',100.00,NULL,5),('195711141981031006','KD01','JBT15','001','001','001','2016-10-04','Membuat Laporan',100.00,NULL,11),('195711141981031006','KD01','JBT15','001','001','001','2016-10-05','Membuat Laporan',100.00,NULL,16),('195711141981031006','KD01','JBT15','001','001','001','2016-10-06','Membuat Laporan',100.00,NULL,21),('195711141981031006','KD01','JBT15','001','001','001','2016-10-07','Membuat Laporan',100.00,NULL,26),('195711141981031006','KD01','JBT15','001','001','001','2016-10-10','Membuat Laporan',100.00,NULL,31),('195711141981031006','KD01','JBT15','001','001','001','2016-10-11','Membuat Laporan',100.00,NULL,36),('195711141981031006','KD01','JBT15','001','001','001','2016-10-12','Membuat Laporan',100.00,NULL,41),('195711141981031006','KD01','JBT15','001','001','001','2016-10-13','Membuat Laporan',100.00,NULL,46),('195711141981031006','KD01','JBT15','001','001','001','2016-10-14','Membuat Laporan',100.00,NULL,51),('195711141981031006','KD01','JBT15','001','001','001','2016-10-17','Membuat Laporan',100.00,NULL,56),('195711141981031006','KD01','JBT15','001','001','001','2016-10-18','Membuat Laporan',100.00,NULL,61),('195711141981031006','KD01','JBT15','001','001','001','2016-10-19','Membuat Laporan',100.00,NULL,66),('195711141981031006','KD01','JBT15','001','001','001','2016-10-20','Membuat Laporan',100.00,NULL,71),('195711141981031006','KD01','JBT15','001','001','001','2016-10-21','Membuat Laporan',100.00,NULL,76),('195711141981031006','KD01','JBT15','001','001','001','2016-10-24','Membuat Laporan',100.00,NULL,81),('195711141981031006','KD01','JBT15','001','001','001','2016-10-25','Membuat Laporan',100.00,NULL,86),('195711141981031006','KD01','JBT15','001','001','001','2016-10-26','Membuat Laporan',100.00,NULL,91),('195711141981031006','KD01','JBT15','001','001','001','2016-10-27','Membuat Laporan',100.00,NULL,96),('195711141981031006','KD01','JBT15','001','001','001','2016-10-28','Membuat Laporan',100.00,NULL,101),('195711141981031006','KD01','JBT15','001','001','001','2016-10-31','Membuat Laporan',100.00,NULL,106),('195711141981031006','KD01','JBT15','001','001','001','2016-11-01','Membuat Laporan',100.00,NULL,111),('195711141981031006','KD01','JBT15','001','001','001','2016-11-02','Membuat Laporan',100.00,NULL,116),('195711141981031006','KD01','JBT15','001','001','001','2016-11-04','Membuat Laporan',100.00,NULL,121),('195711141981031006','KD01','JBT15','001','001','001','2016-11-07','Membuat Laporan',100.00,NULL,126),('195711141981031006','KD01','JBT15','001','001','001','2016-11-08','Membuat Laporan',100.00,NULL,131),('195711141981031006','KD01','JBT15','001','001','001','2016-11-09','Membuat Laporan',100.00,NULL,136),('195711141981031006','KD01','JBT15','001','001','001','2016-11-10','Membuat Laporan',100.00,NULL,141),('195711141981031006','KD01','JBT15','001','001','001','2016-11-11','Membuat Laporan',100.00,NULL,146);

/*Table structure for table `kelurahan` */

DROP TABLE IF EXISTS `kelurahan`;

CREATE TABLE `kelurahan` (
  `kel_id` bigint(20) NOT NULL AUTO_INCREMENT,
  `kec_id` varchar(7) DEFAULT NULL,
  `kel_nama` varchar(40) DEFAULT NULL,
  PRIMARY KEY (`kel_id`)
) ENGINE=InnoDB DEFAULT CHARSET=latin1;

/*Data for the table `kelurahan` */

/*Table structure for table `login_attempts` */

DROP TABLE IF EXISTS `login_attempts`;

CREATE TABLE `login_attempts` (
  `id` int(11) unsigned NOT NULL AUTO_INCREMENT,
  `ip_address` varchar(15) NOT NULL,
  `login` varchar(100) NOT NULL,
  `time` int(11) unsigned DEFAULT NULL,
  PRIMARY KEY (`id`)
) ENGINE=InnoDB DEFAULT CHARSET=utf8;

/*Data for the table `login_attempts` */

/*Table structure for table `object_tbl` */

DROP TABLE IF EXISTS `object_tbl`;

CREATE TABLE `object_tbl` (
  `object_name` varchar(30) NOT NULL,
  `object_operation` varchar(50) NOT NULL,
  `golversion` int(11) DEFAULT NULL,
  `golid` int(11) NOT NULL AUTO_INCREMENT,
  PRIMARY KEY (`object_name`,`object_operation`),
  UNIQUE KEY `object_ix1` (`golid`)
) ENGINE=InnoDB AUTO_INCREMENT=80 DEFAULT CHARSET=latin1;

/*Data for the table `object_tbl` */

insert  into `object_tbl`(`object_name`,`object_operation`,`golversion`,`golid`) values ('absensi','absensi.add',NULL,68),('absensi','absensi.delete',NULL,70),('absensi','absensi.getAll',NULL,71),('absensi','absensi.modify',NULL,69),('aktifitas_tupoksi','aktifitas_tupoksi.add',NULL,72),('aktifitas_tupoksi','aktifitas_tupoksi.delete',NULL,74),('aktifitas_tupoksi','aktifitas_tupoksi.getAll',NULL,75),('aktifitas_tupoksi','aktifitas_tupoksi.modify',NULL,73),('golongan','golongan.add',NULL,76),('golongan','golongan.delete',NULL,78),('golongan','golongan.getAll',NULL,79),('golongan','golongan.modify',NULL,77),('kegiatan','kegiatan.add',NULL,64),('kegiatan','kegiatan.delete',NULL,66),('kegiatan','kegiatan.getAll',NULL,63),('kegiatan','kegiatan.modify',NULL,65),('pegawai','pegawai.add',NULL,59),('pegawai','pegawai.delete',NULL,61),('pegawai','pegawai.getAll',NULL,62),('pegawai','pegawai.modify',NULL,60),('penilaian_kinerja','penilaian_kinerja.add',NULL,55),('penilaian_kinerja','penilaian_kinerja.delete',NULL,57),('penilaian_kinerja','penilaian_kinerja.getAll',NULL,58),('penilaian_kinerja','penilaian_kinerja.modify',NULL,56),('penilaian_pribadi','penilaian_pribadi.add',NULL,51),('penilaian_pribadi','penilaian_pribadi.delete',NULL,53),('penilaian_pribadi','penilaian_pribadi.getAll',NULL,54),('penilaian_pribadi','penilaian_pribadi.modify',NULL,52),('position','position.add',NULL,47),('position','position.delete',NULL,49),('position','position.getAll',NULL,50),('position','position.modify',NULL,48),('riwayat_hukuman','riwayat_hukuman.add',NULL,19),('riwayat_hukuman','riwayat_hukuman.delete',NULL,21),('riwayat_hukuman','riwayat_hukuman.getAll',NULL,18),('riwayat_hukuman','riwayat_hukuman.modify',NULL,20),('riwayat_jabatan','riwayat_jabatan.add',NULL,23),('riwayat_jabatan','riwayat_jabatan.delete',NULL,25),('riwayat_jabatan','riwayat_jabatan.getAll',NULL,26),('riwayat_jabatan','riwayat_jabatan.modify',NULL,24),('riwayat_kepangkatan','riwayat_kepangkatan.add',NULL,27),('riwayat_kepangkatan','riwayat_kepangkatan.delete',NULL,29),('riwayat_kepangkatan','riwayat_kepangkatan.getAll',NULL,30),('riwayat_kepangkatan','riwayat_kepangkatan.modify',NULL,28),('riwayat_kursus','riwayat_kursus.add',NULL,31),('riwayat_kursus','riwayat_kursus.delete',NULL,33),('riwayat_kursus','riwayat_kursus.getAll',NULL,34),('riwayat_kursus','riwayat_kursus.modify',NULL,32),('riwayat_pendidikan','riwayat_pendidikan.add',NULL,35),('riwayat_pendidikan','riwayat_pendidikan.delete',NULL,37),('riwayat_pendidikan','riwayat_pendidikan.getAll',NULL,38),('riwayat_pendidikan','riwayat_pendidikan.modify',NULL,36),('riwayat_penghargaan','riwayat_penghargaan.add',NULL,39),('riwayat_penghargaan','riwayat_penghargaan.delete',NULL,41),('riwayat_penghargaan','riwayat_penghargaan.getAll',NULL,42),('riwayat_penghargaan','riwayat_penghargaan.modify',NULL,40),('riwayat_tugas_luar_negeri','riwayat_tugas_luar_negeri.add',NULL,43),('riwayat_tugas_luar_negeri','riwayat_tugas_luar_negeri.delete',NULL,45),('riwayat_tugas_luar_negeri','riwayat_tugas_luar_negeri.getAll',NULL,46),('riwayat_tugas_luar_negeri','riwayat_tugas_luar_negeri.modify',NULL,44),('skpd','skpd.add',NULL,1),('skpd','skpd.delete',NULL,4),('skpd','skpd.getAll',NULL,5),('skpd','skpd.modify',NULL,3),('tupoksi','tupoksi.add',NULL,10),('tupoksi','tupoksi.delete',NULL,12),('tupoksi','tupoksi.getAll',NULL,13),('tupoksi','tupoksi.modify',NULL,11),('uraian_tupoksi','uraian_tupoksi.add',NULL,14),('uraian_tupoksi','uraian_tupoksi.delete',NULL,16),('uraian_tupoksi','uraian_tupoksi.getAll',NULL,17),('uraian_tupoksi','uraian_tupoksi.modify',NULL,15);

/*Table structure for table `pegawai_tbl` */

DROP TABLE IF EXISTS `pegawai_tbl`;

CREATE TABLE `pegawai_tbl` (
  `nip` varchar(50) NOT NULL,
  `nip_lama` varchar(50) DEFAULT NULL,
  `nama` varchar(100) NOT NULL,
  `picture` varchar(100) DEFAULT NULL,
  `gelar_depan` varchar(25) DEFAULT NULL,
  `gelar_belakang` varchar(25) DEFAULT NULL,
  `tempat_lahir` varchar(50) NOT NULL,
  `tgl_lahir` date NOT NULL,
  `telp` varchar(25) DEFAULT NULL,
  `kelamin` varchar(1) DEFAULT NULL,
  `agama` varchar(1) DEFAULT NULL,
  `alamat` varchar(2000) DEFAULT NULL,
  `kode_pos` int(11) DEFAULT NULL,
  `gol_darah` varchar(1) DEFAULT NULL,
  `status` varchar(1) DEFAULT NULL,
  `no_kartu_pegawai` varchar(50) DEFAULT NULL,
  `no_askes` varchar(50) DEFAULT NULL,
  `no_taspen` varchar(50) DEFAULT NULL,
  `no_kartu_keluarga` varchar(50) DEFAULT NULL,
  `npwp` varchar(50) DEFAULT NULL,
  `qversion` int(11) NOT NULL,
  `qid` int(11) NOT NULL AUTO_INCREMENT,
  PRIMARY KEY (`nip`),
  UNIQUE KEY `pegawai_ix1` (`qid`)
) ENGINE=InnoDB AUTO_INCREMENT=930 DEFAULT CHARSET=latin1;

/*Data for the table `pegawai_tbl` */

insert  into `pegawai_tbl`(`nip`,`nip_lama`,`nama`,`picture`,`gelar_depan`,`gelar_belakang`,`tempat_lahir`,`tgl_lahir`,`telp`,`kelamin`,`agama`,`alamat`,`kode_pos`,`gol_darah`,`status`,`no_kartu_pegawai`,`no_askes`,`no_taspen`,`no_kartu_keluarga`,`npwp`,`qversion`,`qid`) values ('195510181980102001','130856705','SUKANTO TODING','195510181980102001271116210402.jpg','Ir','MSP., M.A','KONAWE','1955-10-18','','1','5','',NULL,'1','2','1',NULL,'1',NULL,'1',0,616),('195608161980031018','130881349','HAMSIR',NULL,'','S.Pd','KENDARI','1956-08-16',NULL,'1',NULL,NULL,NULL,NULL,'2',NULL,NULL,NULL,NULL,NULL,0,271),('195612311986022013','131593108','HASNAWATI',NULL,'Dra','','SULAWESI SELATAN','1956-12-31',NULL,'2',NULL,NULL,NULL,NULL,'2',NULL,NULL,NULL,NULL,NULL,0,224),('195612311987031107','131663287','SYAMSUDDIN',NULL,'','S.PdI','MUNA','1956-12-31',NULL,'1',NULL,NULL,NULL,NULL,'2',NULL,NULL,NULL,NULL,NULL,0,788),('195701161986102001','131530775','SITTI HASNAH',NULL,'','','POSO','1957-01-16',NULL,'2',NULL,NULL,NULL,NULL,'2',NULL,NULL,NULL,NULL,NULL,0,727),('195703011981032004','130931760','NINING WIDANINGSIH',NULL,'Dra','','BANDUNG','1957-03-01',NULL,'2',NULL,NULL,NULL,NULL,'2',NULL,NULL,NULL,NULL,NULL,0,94),('195703151986102002','131530799','ST SUNDANI',NULL,'','','BANDUNG','1957-03-15',NULL,'2',NULL,NULL,NULL,NULL,'2',NULL,NULL,NULL,NULL,NULL,0,676),('195703231982032009','131127042','HABIBAH',NULL,'Hj. ','S.Pd','KENDARI','1957-03-23',NULL,'2',NULL,NULL,NULL,NULL,'2',NULL,NULL,NULL,NULL,NULL,0,760),('195703251978031007','130679946','LA ODE ASYIKIN AZIMU',NULL,'DRS. H','','BAUBAU','1957-03-25',NULL,'1',NULL,NULL,NULL,NULL,'2',NULL,NULL,NULL,NULL,NULL,0,97),('195706171977021001','130598827','LAODE ABD ARMAN',NULL,'','S.Pd.SD','BUTON','1957-06-17',NULL,'1',NULL,NULL,NULL,NULL,'2',NULL,NULL,NULL,NULL,NULL,0,255),('195707031988032002','131556820','SUWARTI',NULL,'','','MAKASSAR','1957-07-03',NULL,'2',NULL,NULL,NULL,NULL,'2',NULL,NULL,NULL,NULL,NULL,0,286),('195708101982012007','131090656','HARNIATI',NULL,'','S.Pd.I','KENDARI','1957-08-10',NULL,'2',NULL,NULL,NULL,NULL,'2',NULL,NULL,NULL,NULL,NULL,0,66),('195708281986102001','131556651','ST. ARAH',NULL,'','A.Ma','Mata','1957-08-28',NULL,'2',NULL,NULL,NULL,NULL,'2',NULL,NULL,NULL,NULL,NULL,0,178),('195710021987031004','131664760','WIDODO',NULL,'','S.Pd','KLATEN','1957-10-02',NULL,'1',NULL,NULL,NULL,NULL,'2',NULL,NULL,NULL,NULL,NULL,0,867),('195711141981031006','130920396','MAHMUD',NULL,'','S.Pd','BULUKUMBA','1957-11-14',NULL,'1',NULL,NULL,NULL,NULL,'2',NULL,NULL,NULL,NULL,NULL,0,684),('195711151986101003','131646705','IBRAHIM',NULL,'','S.Pd','KONDA','1957-11-15',NULL,'1',NULL,NULL,NULL,NULL,'2',NULL,NULL,NULL,NULL,NULL,0,373),('195712311979011017','130701081','SUARDI',NULL,'','S.Pd','BENTENG','1957-12-31',NULL,'1',NULL,NULL,NULL,NULL,'2',NULL,NULL,NULL,NULL,NULL,0,887),('195712311981031169','130931015','LANDUMA',NULL,'','A.Md','MUNA','1957-12-31',NULL,'1',NULL,NULL,NULL,NULL,'2',NULL,NULL,NULL,NULL,NULL,0,929),('195802121985022002','131454125','NURHAYA L',NULL,'','A,Ma','MORAMO','1958-02-12',NULL,'2',NULL,NULL,NULL,NULL,'2',NULL,NULL,NULL,NULL,NULL,0,356),('195803031981031033','130927784','SUHARDIMAN',NULL,'','A.Md','KONAWE','1958-03-03',NULL,'1',NULL,NULL,NULL,NULL,'2',NULL,NULL,NULL,NULL,NULL,0,246),('195803131979091002','130758368','ABD HARIS LADAMU',NULL,'','S.Sos','KONAWE','1958-03-13',NULL,'1',NULL,NULL,NULL,NULL,'2',NULL,NULL,NULL,NULL,NULL,0,69),('195803151986102001','131530872','ROSNIAH',NULL,'','','KONAWE','1958-03-15',NULL,'2',NULL,NULL,NULL,NULL,'2',NULL,NULL,NULL,NULL,NULL,0,889),('195803271984051003','131347128','YAKUN T POWATU',NULL,'','','KENDARI','1958-03-27',NULL,'1',NULL,NULL,NULL,NULL,'2',NULL,NULL,NULL,NULL,NULL,0,317),('195804121982012012','131090658','SARTINA ',NULL,'HJ','A.Ma','KENDARI','1958-04-12',NULL,'2',NULL,NULL,NULL,NULL,'2',NULL,NULL,NULL,NULL,NULL,0,355),('195804211981122005','130980489','RASIAH',NULL,'','A.Ma.Pd','KABAENA','1958-04-21',NULL,'2',NULL,NULL,NULL,NULL,'2',NULL,NULL,NULL,NULL,NULL,0,316),('195806031981032005','130920389','ELISIUS YULIANA',NULL,'','','MAKASSAR','1958-06-03',NULL,'2',NULL,NULL,NULL,NULL,'2',NULL,NULL,NULL,NULL,NULL,0,298),('195807121979022001','130702305','ST. ASMA',NULL,'','SP.d.SD','TINANGGEA','1958-07-12',NULL,'2',NULL,NULL,NULL,NULL,'2',NULL,NULL,NULL,NULL,NULL,0,862),('195808051981122004','130980233','NURHANA',NULL,'Hj.','S.Pd','KONAWE','1958-08-05',NULL,'2',NULL,NULL,NULL,NULL,'2',NULL,NULL,NULL,NULL,NULL,0,145),('195809091985121002','131451099','M. NASIR. A',NULL,'','A.Ma.Pd','KENDARI','1958-09-09',NULL,'1',NULL,NULL,NULL,NULL,'2',NULL,NULL,NULL,NULL,NULL,0,537),('195810051986031030','131631090','LA ODE NUIN ATI',NULL,'Drs','','MUNA','1958-10-05',NULL,'1',NULL,NULL,NULL,NULL,'2',NULL,NULL,NULL,NULL,NULL,0,810),('195812271981032008','130927769','REFLI R L WORANG',NULL,'','S.Pd','MINAHASA','1958-12-27',NULL,'2',NULL,NULL,NULL,NULL,'2',NULL,NULL,NULL,NULL,NULL,0,487),('195812311978031047','130668591','LA ARUFI',NULL,'','A.Ma','BUTON','1958-12-31',NULL,'1',NULL,NULL,NULL,NULL,'2',NULL,NULL,NULL,NULL,NULL,0,222),('195812311981031208','080047996','ZAINUDDIN',NULL,'','','KENDARI','1958-12-31',NULL,'1',NULL,NULL,NULL,NULL,'2',NULL,NULL,NULL,NULL,NULL,0,613);

/*Table structure for table `penilaian_kinerja_tbl` */

DROP TABLE IF EXISTS `penilaian_kinerja_tbl`;

CREATE TABLE `penilaian_kinerja_tbl` (
  `nip` varchar(50) NOT NULL,
  `tgl_kegiatan` date NOT NULL,
  `kd_skpd` varchar(50) NOT NULL,
  `kd_position` varchar(50) NOT NULL,
  `id_tupoksi` varchar(50) NOT NULL,
  `id_uraian` varchar(50) NOT NULL,
  `nilai` decimal(10,2) DEFAULT NULL,
  `qversion` int(11) DEFAULT NULL,
  `qid` int(11) NOT NULL AUTO_INCREMENT,
  PRIMARY KEY (`nip`,`tgl_kegiatan`,`id_tupoksi`,`id_uraian`,`kd_skpd`,`kd_position`),
  UNIQUE KEY `penilaian_kinerja_ix1` (`qid`)
) ENGINE=InnoDB AUTO_INCREMENT=800 DEFAULT CHARSET=latin1;

/*Data for the table `penilaian_kinerja_tbl` */

insert  into `penilaian_kinerja_tbl`(`nip`,`tgl_kegiatan`,`kd_skpd`,`kd_position`,`id_tupoksi`,`id_uraian`,`nilai`,`qversion`,`qid`) values ('195608161980031018','2016-10-03','KD01','JBT02','002','001',1.00,NULL,6),('195608161980031018','2016-10-03','KD01','JBT02','002','002',1.00,NULL,7),('195608161980031018','2016-10-03','KD01','JBT02','002','003',1.00,NULL,8),('195608161980031018','2016-10-03','KD01','JBT02','002','004',1.00,NULL,9),('195608161980031018','2016-10-03','KD01','JBT02','002','005',1.00,NULL,5),('195608161980031018','2016-10-04','KD01','JBT02','002','001',1.00,NULL,35),('195608161980031018','2016-10-04','KD01','JBT02','002','002',0.70,NULL,36),('195608161980031018','2016-10-04','KD01','JBT02','002','003',0.90,NULL,37),('195608161980031018','2016-10-04','KD01','JBT02','002','004',0.67,NULL,38),('195608161980031018','2016-10-04','KD01','JBT02','002','005',0.90,NULL,39),('195608161980031018','2016-10-06','KD01','JBT02','002','001',0.88,NULL,90),('195608161980031018','2016-10-06','KD01','JBT02','002','002',0.88,NULL,91),('195608161980031018','2016-10-06','KD01','JBT02','002','003',0.66,NULL,92),('195608161980031018','2016-10-06','KD01','JBT02','002','004',0.76,NULL,93),('195608161980031018','2016-10-06','KD01','JBT02','002','005',0.12,NULL,94),('195608161980031018','2016-10-10','KD01','JBT02','002','001',0.45,NULL,145),('195608161980031018','2016-10-10','KD01','JBT02','002','002',0.56,NULL,146),('195608161980031018','2016-10-10','KD01','JBT02','002','003',0.67,NULL,147),('195608161980031018','2016-10-10','KD01','JBT02','002','004',0.77,NULL,148),('195608161980031018','2016-10-10','KD01','JBT02','002','005',0.65,NULL,149),('195608161980031018','2016-10-11','KD01','JBT02','002','001',0.77,NULL,175),('195608161980031018','2016-10-11','KD01','JBT02','002','002',0.88,NULL,176),('195608161980031018','2016-10-11','KD01','JBT02','002','003',0.66,NULL,177),('195608161980031018','2016-10-11','KD01','JBT02','002','004',0.77,NULL,178),('195608161980031018','2016-10-11','KD01','JBT02','002','005',0.76,NULL,179),('195608161980031018','2016-10-12','KD01','JBT02','002','001',0.66,NULL,233),('195608161980031018','2016-10-12','KD01','JBT02','002','002',0.56,NULL,234),('195608161980031018','2016-10-12','KD01','JBT02','002','003',0.12,NULL,235),('195608161980031018','2016-10-12','KD01','JBT02','002','004',0.23,NULL,236),('195608161980031018','2016-10-12','KD01','JBT02','002','005',1.00,NULL,237),('195608161980031018','2016-10-13','KD01','JBT02','002','001',0.99,NULL,262),('195608161980031018','2016-10-13','KD01','JBT02','002','002',0.56,NULL,263),('195608161980031018','2016-10-13','KD01','JBT02','002','003',0.77,NULL,264),('195608161980031018','2016-10-13','KD01','JBT02','002','004',1.00,NULL,265),('195608161980031018','2016-10-13','KD01','JBT02','002','005',0.56,NULL,266),('195608161980031018','2016-10-14','KD01','JBT02','002','001',0.34,NULL,204),('195608161980031018','2016-10-14','KD01','JBT02','002','002',0.66,NULL,205),('195608161980031018','2016-10-14','KD01','JBT02','002','003',0.65,NULL,206),('195608161980031018','2016-10-14','KD01','JBT02','002','004',0.88,NULL,207),('195608161980031018','2016-10-14','KD01','JBT02','002','005',0.76,NULL,208),('195608161980031018','2016-10-17','KD01','JBT02','002','001',0.78,NULL,292),('195608161980031018','2016-10-17','KD01','JBT02','002','002',0.55,NULL,293),('195608161980031018','2016-10-17','KD01','JBT02','002','003',0.77,NULL,294),('195608161980031018','2016-10-17','KD01','JBT02','002','004',0.65,NULL,295),('195608161980031018','2016-10-17','KD01','JBT02','002','005',0.88,NULL,296),('195608161980031018','2016-10-18','KD01','JBT02','002','001',0.44,NULL,321),('195608161980031018','2016-10-18','KD01','JBT02','002','002',0.66,NULL,322),('195608161980031018','2016-10-18','KD01','JBT02','002','003',0.77,NULL,323),('195608161980031018','2016-10-18','KD01','JBT02','002','004',0.45,NULL,324),('195608161980031018','2016-10-18','KD01','JBT02','002','005',1.00,NULL,325),('195608161980031018','2016-10-19','KD01','JBT02','002','001',0.66,NULL,350),('195608161980031018','2016-10-19','KD01','JBT02','002','002',0.54,NULL,351),('195608161980031018','2016-10-19','KD01','JBT02','002','003',0.45,NULL,352),('195608161980031018','2016-10-19','KD01','JBT02','002','004',0.23,NULL,353),('195608161980031018','2016-10-19','KD01','JBT02','002','005',0.55,NULL,354),('195608161980031018','2016-10-20','KD01','JBT02','002','001',0.99,NULL,379),('195608161980031018','2016-10-20','KD01','JBT02','002','002',0.77,NULL,380),('195608161980031018','2016-10-20','KD01','JBT02','002','003',0.76,NULL,381),('195608161980031018','2016-10-20','KD01','JBT02','002','004',0.55,NULL,382),('195608161980031018','2016-10-20','KD01','JBT02','002','005',0.44,NULL,383),('195608161980031018','2016-10-21','KD01','JBT02','002','001',0.66,NULL,408),('195608161980031018','2016-10-21','KD01','JBT02','002','002',0.45,NULL,409),('195608161980031018','2016-10-21','KD01','JBT02','002','003',0.67,NULL,410),('195608161980031018','2016-10-21','KD01','JBT02','002','004',0.77,NULL,411),('195608161980031018','2016-10-21','KD01','JBT02','002','005',1.00,NULL,412),('195608161980031018','2016-10-24','KD01','JBT02','002','001',0.20,NULL,437),('195608161980031018','2016-10-24','KD01','JBT02','002','002',0.54,NULL,438),('195608161980031018','2016-10-24','KD01','JBT02','002','003',0.55,NULL,439),('195608161980031018','2016-10-24','KD01','JBT02','002','004',0.19,NULL,440),('195608161980031018','2016-10-24','KD01','JBT02','002','005',0.56,NULL,441),('195608161980031018','2016-10-25','KD01','JBT02','002','001',0.34,NULL,466),('195608161980031018','2016-10-25','KD01','JBT02','002','002',0.65,NULL,467),('195608161980031018','2016-10-25','KD01','JBT02','002','003',0.77,NULL,468),('195608161980031018','2016-10-25','KD01','JBT02','002','004',0.55,NULL,469),('195608161980031018','2016-10-25','KD01','JBT02','002','005',0.65,NULL,470),('195608161980031018','2016-10-26','KD01','JBT02','002','001',0.77,NULL,495),('195608161980031018','2016-10-26','KD01','JBT02','002','002',0.66,NULL,496),('195608161980031018','2016-10-26','KD01','JBT02','002','003',0.45,NULL,497),('195608161980031018','2016-10-26','KD01','JBT02','002','004',0.65,NULL,498),('195608161980031018','2016-10-26','KD01','JBT02','002','005',0.75,NULL,499),('195608161980031018','2016-10-27','KD01','JBT02','002','001',0.44,NULL,583),('195608161980031018','2016-10-27','KD01','JBT02','002','002',0.54,NULL,584),('195608161980031018','2016-10-27','KD01','JBT02','002','003',0.65,NULL,585),('195608161980031018','2016-10-27','KD01','JBT02','002','004',0.76,NULL,586),('195608161980031018','2016-10-27','KD01','JBT02','002','005',0.65,NULL,587),('195608161980031018','2016-10-28','KD01','JBT02','002','001',0.54,NULL,612),('195608161980031018','2016-10-28','KD01','JBT02','002','002',0.76,NULL,613),('195608161980031018','2016-10-28','KD01','JBT02','002','003',0.44,NULL,614),('195608161980031018','2016-10-28','KD01','JBT02','002','004',0.66,NULL,615),('195608161980031018','2016-10-28','KD01','JBT02','002','005',0.77,NULL,616),('195608161980031018','2016-10-29','KD01','JBT02','002','001',0.66,NULL,525),('195608161980031018','2016-10-29','KD01','JBT02','002','002',0.33,NULL,526),('195608161980031018','2016-10-29','KD01','JBT02','002','003',0.65,NULL,527),('195608161980031018','2016-10-29','KD01','JBT02','002','004',0.90,NULL,528),('195608161980031018','2016-10-29','KD01','JBT02','002','005',1.00,NULL,529),('195608161980031018','2016-10-31','KD01','JBT02','002','001',0.65,NULL,554),('195608161980031018','2016-10-31','KD01','JBT02','002','002',0.77,NULL,555),('195608161980031018','2016-10-31','KD01','JBT02','002','003',1.00,NULL,556),('195608161980031018','2016-10-31','KD01','JBT02','002','004',1.00,NULL,557),('195608161980031018','2016-10-31','KD01','JBT02','002','005',0.66,NULL,558),('195608161980031018','2016-11-01','KD01','JBT02','002','001',0.68,NULL,641),('195608161980031018','2016-11-01','KD01','JBT02','002','002',0.87,NULL,642),('195608161980031018','2016-11-01','KD01','JBT02','002','003',0.78,NULL,643),('195608161980031018','2016-11-01','KD01','JBT02','002','004',0.87,NULL,644),('195608161980031018','2016-11-01','KD01','JBT02','002','005',0.76,NULL,645),('195608161980031018','2016-11-02','KD01','JBT02','002','001',0.98,NULL,670),('195608161980031018','2016-11-02','KD01','JBT02','002','002',0.45,NULL,671),('195608161980031018','2016-11-02','KD01','JBT02','002','003',0.65,NULL,672),('195608161980031018','2016-11-02','KD01','JBT02','002','004',0.76,NULL,673),('195608161980031018','2016-11-02','KD01','JBT02','002','005',0.78,NULL,674),('195608161980031018','2016-11-03','KD01','JBT02','002','001',0.33,NULL,699),('195608161980031018','2016-11-03','KD01','JBT02','002','002',0.43,NULL,700),('195608161980031018','2016-11-03','KD01','JBT02','002','003',0.56,NULL,701),('195608161980031018','2016-11-03','KD01','JBT02','002','004',0.55,NULL,702),('195608161980031018','2016-11-03','KD01','JBT02','002','005',0.64,NULL,703),('195608161980031018','2016-11-07','KD01','JBT02','002','001',0.56,NULL,728),('195608161980031018','2016-11-07','KD01','JBT02','002','002',0.44,NULL,729),('195608161980031018','2016-11-07','KD01','JBT02','002','003',0.22,NULL,730),('195608161980031018','2016-11-07','KD01','JBT02','002','004',0.85,NULL,731),('195608161980031018','2016-11-07','KD01','JBT02','002','005',0.44,NULL,732),('195608161980031018','2016-11-08','KD01','JBT02','002','001',0.55,NULL,758),('195608161980031018','2016-11-08','KD01','JBT02','002','002',0.67,NULL,759),('195608161980031018','2016-11-08','KD01','JBT02','002','003',0.74,NULL,760),('195608161980031018','2016-11-08','KD01','JBT02','002','004',1.00,NULL,761),('195608161980031018','2016-11-08','KD01','JBT02','002','005',1.00,NULL,762),('195608161980031018','2016-11-09','KD01','JBT02','002','001',NULL,NULL,787),('195608161980031018','2016-11-09','KD01','JBT02','002','002',NULL,NULL,788),('195608161980031018','2016-11-09','KD01','JBT02','002','003',NULL,NULL,789),('195608161980031018','2016-11-09','KD01','JBT02','002','004',NULL,NULL,790),('195608161980031018','2016-11-09','KD01','JBT02','002','005',NULL,NULL,791),('195608161980031018','2016-11-10','KD01','JBT02','002','005',NULL,NULL,792),('195608161980031018','2016-11-10','KD01','JBT02','002','006',NULL,NULL,799),('195608161980031018','2016-11-14','KD01','JBT02','002','001',NULL,NULL,793),('195608161980031018','2016-11-14','KD01','JBT02','002','002',NULL,NULL,794),('195608161980031018','2016-11-14','KD01','JBT02','002','003',NULL,NULL,795),('195608161980031018','2016-11-14','KD01','JBT02','002','004',NULL,NULL,796),('195608161980031018','2016-11-14','KD01','JBT02','002','005',NULL,NULL,797),('195608161980031018','2016-11-14','KD01','JBT02','002','006',NULL,NULL,798),('195703011981032004','2016-10-03','KD01','JBT06','001','001',0.88,NULL,11),('195703011981032004','2016-10-03','KD01','JBT06','001','002',0.77,NULL,12),('195703011981032004','2016-10-03','KD01','JBT06','001','003',1.00,NULL,13),('195703011981032004','2016-10-03','KD01','JBT06','001','004',1.00,NULL,14),('195703011981032004','2016-10-03','KD01','JBT06','001','005',1.00,NULL,15),('195703011981032004','2016-10-03','KD01','JBT06','001','006',1.00,NULL,16),('195703011981032004','2016-10-04','KD01','JBT06','001','001',0.56,NULL,47),('195703011981032004','2016-10-04','KD01','JBT06','001','002',0.65,NULL,48),('195703011981032004','2016-10-04','KD01','JBT06','001','003',0.77,NULL,49),('195703011981032004','2016-10-04','KD01','JBT06','001','004',0.76,NULL,50),('195703011981032004','2016-10-04','KD01','JBT06','001','005',0.76,NULL,51),('195703011981032004','2016-10-04','KD01','JBT06','001','006',0.76,NULL,52),('195703011981032004','2016-10-05','KD01','JBT06','001','001',0.88,NULL,71),('195703011981032004','2016-10-05','KD01','JBT06','001','002',0.88,NULL,72),('195703011981032004','2016-10-05','KD01','JBT06','001','003',1.00,NULL,73),('195703011981032004','2016-10-05','KD01','JBT06','001','004',1.00,NULL,74),('195703011981032004','2016-10-05','KD01','JBT06','001','005',0.77,NULL,75),('195703011981032004','2016-10-05','KD01','JBT06','001','006',0.65,NULL,76),('195703011981032004','2016-10-06','KD01','JBT06','001','001',0.34,NULL,95),('195703011981032004','2016-10-06','KD01','JBT06','001','002',0.54,NULL,96),('195703011981032004','2016-10-06','KD01','JBT06','001','003',0.65,NULL,97),('195703011981032004','2016-10-06','KD01','JBT06','001','004',0.65,NULL,98),('195703011981032004','2016-10-06','KD01','JBT06','001','005',0.66,NULL,99),('195703011981032004','2016-10-06','KD01','JBT06','001','006',0.65,NULL,100),('195703011981032004','2016-10-07','KD01','JBT06','001','001',1.00,NULL,126),('195703011981032004','2016-10-07','KD01','JBT06','001','002',1.00,NULL,127),('195703011981032004','2016-10-07','KD01','JBT06','001','003',0.78,NULL,128),('195703011981032004','2016-10-07','KD01','JBT06','001','004',0.54,NULL,129),('195703011981032004','2016-10-07','KD01','JBT06','001','005',0.76,NULL,130),('195703011981032004','2016-10-07','KD01','JBT06','001','006',0.76,NULL,131),('195703011981032004','2016-10-10','KD01','JBT06','001','001',0.45,NULL,150),('195703011981032004','2016-10-10','KD01','JBT06','001','002',0.54,NULL,151),('195703011981032004','2016-10-10','KD01','JBT06','001','003',1.00,NULL,152),('195703011981032004','2016-10-10','KD01','JBT06','001','004',1.00,NULL,153),('195703011981032004','2016-10-10','KD01','JBT06','001','005',1.00,NULL,154),('195703011981032004','2016-10-10','KD01','JBT06','001','006',0.65,NULL,155),('195703011981032004','2016-10-11','KD01','JBT06','001','001',1.00,NULL,180),('195703011981032004','2016-10-11','KD01','JBT06','001','002',1.00,NULL,181),('195703011981032004','2016-10-11','KD01','JBT06','001','003',0.65,NULL,182),('195703011981032004','2016-10-11','KD01','JBT06','001','004',0.54,NULL,183),('195703011981032004','2016-10-11','KD01','JBT06','001','005',0.67,NULL,184),('195703011981032004','2016-10-11','KD01','JBT06','001','006',0.77,NULL,185),('195703011981032004','2016-10-12','KD01','JBT06','001','001',0.76,NULL,238),('195703011981032004','2016-10-12','KD01','JBT06','001','002',0.45,NULL,239),('195703011981032004','2016-10-12','KD01','JBT06','001','003',0.65,NULL,240),('195703011981032004','2016-10-12','KD01','JBT06','001','004',0.55,NULL,241),('195703011981032004','2016-10-12','KD01','JBT06','001','005',0.43,NULL,242),('195703011981032004','2016-10-12','KD01','JBT06','001','006',0.56,NULL,243),('195703011981032004','2016-10-13','KD01','JBT06','001','001',0.34,NULL,267),('195703011981032004','2016-10-13','KD01','JBT06','001','002',0.55,NULL,268),('195703011981032004','2016-10-13','KD01','JBT06','001','003',0.77,NULL,269),('195703011981032004','2016-10-13','KD01','JBT06','001','004',0.23,NULL,270),('195703011981032004','2016-10-13','KD01','JBT06','001','005',0.76,NULL,271),('195703011981032004','2016-10-13','KD01','JBT06','001','006',0.88,NULL,272),('195703011981032004','2016-10-14','KD01','JBT06','001','001',0.88,NULL,209),('195703011981032004','2016-10-14','KD01','JBT06','001','002',0.67,NULL,210),('195703011981032004','2016-10-14','KD01','JBT06','001','003',0.12,NULL,211),('195703011981032004','2016-10-14','KD01','JBT06','001','004',0.56,NULL,212),('195703011981032004','2016-10-14','KD01','JBT06','001','005',0.76,NULL,213),('195703011981032004','2016-10-14','KD01','JBT06','001','006',0.67,NULL,214),('195703011981032004','2016-10-17','KD01','JBT06','001','001',0.87,NULL,297),('195703011981032004','2016-10-17','KD01','JBT06','001','002',0.65,NULL,298),('195703011981032004','2016-10-17','KD01','JBT06','001','003',0.97,NULL,299),('195703011981032004','2016-10-17','KD01','JBT06','001','004',0.91,NULL,300),('195703011981032004','2016-10-17','KD01','JBT06','001','005',0.86,NULL,301),('195703011981032004','2016-10-17','KD01','JBT06','001','006',0.78,NULL,302),('195703011981032004','2016-10-18','KD01','JBT06','001','001',0.73,NULL,326),('195703011981032004','2016-10-18','KD01','JBT06','001','002',0.69,NULL,327),('195703011981032004','2016-10-18','KD01','JBT06','001','003',0.85,NULL,328),('195703011981032004','2016-10-18','KD01','JBT06','001','004',0.82,NULL,329),('195703011981032004','2016-10-18','KD01','JBT06','001','005',0.86,NULL,330),('195703011981032004','2016-10-18','KD01','JBT06','001','006',0.89,NULL,331),('195703011981032004','2016-10-19','KD01','JBT06','001','001',0.92,NULL,355),('195703011981032004','2016-10-19','KD01','JBT06','001','002',0.91,NULL,356),('195703011981032004','2016-10-19','KD01','JBT06','001','003',0.76,NULL,357),('195703011981032004','2016-10-19','KD01','JBT06','001','004',0.85,NULL,358),('195703011981032004','2016-10-19','KD01','JBT06','001','005',0.98,NULL,359),('195703011981032004','2016-10-19','KD01','JBT06','001','006',0.87,NULL,360),('195703011981032004','2016-10-20','KD01','JBT06','001','001',0.59,NULL,384),('195703011981032004','2016-10-20','KD01','JBT06','001','002',0.46,NULL,385),('195703011981032004','2016-10-20','KD01','JBT06','001','003',0.79,NULL,386),('195703011981032004','2016-10-20','KD01','JBT06','001','004',0.48,NULL,387),('195703011981032004','2016-10-20','KD01','JBT06','001','005',0.57,NULL,388),('195703011981032004','2016-10-20','KD01','JBT06','001','006',0.89,NULL,389),('195703011981032004','2016-10-21','KD01','JBT06','001','001',1.00,NULL,413),('195703011981032004','2016-10-21','KD01','JBT06','001','002',1.00,NULL,414),('195703011981032004','2016-10-21','KD01','JBT06','001','003',1.00,NULL,415),('195703011981032004','2016-10-21','KD01','JBT06','001','004',0.89,NULL,416),('195703011981032004','2016-10-21','KD01','JBT06','001','005',0.89,NULL,417),('195703011981032004','2016-10-21','KD01','JBT06','001','006',0.99,NULL,418),('195703011981032004','2016-10-24','KD01','JBT06','001','001',0.20,NULL,442),('195703011981032004','2016-10-24','KD01','JBT06','001','002',1.00,NULL,443),('195703011981032004','2016-10-24','KD01','JBT06','001','003',0.59,NULL,444),('195703011981032004','2016-10-24','KD01','JBT06','001','004',0.79,NULL,445),('195703011981032004','2016-10-24','KD01','JBT06','001','005',0.69,NULL,446),('195703011981032004','2016-10-24','KD01','JBT06','001','006',0.89,NULL,447),('195703011981032004','2016-10-25','KD01','JBT06','001','001',0.48,NULL,471),('195703011981032004','2016-10-25','KD01','JBT06','001','002',0.89,NULL,472),('195703011981032004','2016-10-25','KD01','JBT06','001','003',1.00,NULL,473),('195703011981032004','2016-10-25','KD01','JBT06','001','004',0.47,NULL,474),('195703011981032004','2016-10-25','KD01','JBT06','001','005',1.00,NULL,475),('195703011981032004','2016-10-25','KD01','JBT06','001','006',1.00,NULL,476),('195703011981032004','2016-10-26','KD01','JBT06','001','001',0.68,NULL,501),('195703011981032004','2016-10-26','KD01','JBT06','001','002',1.00,NULL,502),('195703011981032004','2016-10-26','KD01','JBT06','001','003',1.00,NULL,503),('195703011981032004','2016-10-26','KD01','JBT06','001','004',0.58,NULL,504),('195703011981032004','2016-10-26','KD01','JBT06','001','005',1.00,NULL,505),('195703011981032004','2016-10-26','KD01','JBT06','001','006',1.00,NULL,506),('195703011981032004','2016-10-27','KD01','JBT06','001','001',0.59,NULL,588),('195703011981032004','2016-10-27','KD01','JBT06','001','002',0.79,NULL,589),('195703011981032004','2016-10-27','KD01','JBT06','001','003',0.78,NULL,590),('195703011981032004','2016-10-27','KD01','JBT06','001','004',0.79,NULL,591),('195703011981032004','2016-10-27','KD01','JBT06','001','005',1.00,NULL,592),('195703011981032004','2016-10-27','KD01','JBT06','001','006',0.78,NULL,593),('195703011981032004','2016-10-28','KD01','JBT06','001','001',0.68,NULL,617),('195703011981032004','2016-10-28','KD01','JBT06','001','002',0.99,NULL,618),('195703011981032004','2016-10-28','KD01','JBT06','001','003',0.98,NULL,619),('195703011981032004','2016-10-28','KD01','JBT06','001','004',1.00,NULL,620),('195703011981032004','2016-10-28','KD01','JBT06','001','005',1.00,NULL,621),('195703011981032004','2016-10-28','KD01','JBT06','001','006',1.00,NULL,622),('195703011981032004','2016-10-29','KD01','JBT06','001','001',0.58,NULL,530),('195703011981032004','2016-10-29','KD01','JBT06','001','002',0.75,NULL,531),('195703011981032004','2016-10-29','KD01','JBT06','001','003',1.00,NULL,532),('195703011981032004','2016-10-29','KD01','JBT06','001','004',1.00,NULL,533),('195703011981032004','2016-10-29','KD01','JBT06','001','005',0.79,NULL,534),('195703011981032004','2016-10-29','KD01','JBT06','001','006',0.81,NULL,535),('195703011981032004','2016-10-31','KD01','JBT06','001','001',1.00,NULL,559),('195703011981032004','2016-10-31','KD01','JBT06','001','002',0.92,NULL,560),('195703011981032004','2016-10-31','KD01','JBT06','001','003',0.87,NULL,561),('195703011981032004','2016-10-31','KD01','JBT06','001','004',1.00,NULL,562),('195703011981032004','2016-10-31','KD01','JBT06','001','005',0.59,NULL,563),('195703011981032004','2016-10-31','KD01','JBT06','001','006',1.00,NULL,564),('195703011981032004','2016-11-01','KD01','JBT06','001','001',1.00,NULL,646),('195703011981032004','2016-11-01','KD01','JBT06','001','002',0.78,NULL,647),('195703011981032004','2016-11-01','KD01','JBT06','001','003',0.68,NULL,648),('195703011981032004','2016-11-01','KD01','JBT06','001','004',0.78,NULL,649),('195703011981032004','2016-11-01','KD01','JBT06','001','005',0.91,NULL,650),('195703011981032004','2016-11-01','KD01','JBT06','001','006',0.96,NULL,651),('195703011981032004','2016-11-02','KD01','JBT06','001','001',0.94,NULL,675),('195703011981032004','2016-11-02','KD01','JBT06','001','002',0.83,NULL,676),('195703011981032004','2016-11-02','KD01','JBT06','001','003',1.00,NULL,677),('195703011981032004','2016-11-02','KD01','JBT06','001','004',1.00,NULL,678),('195703011981032004','2016-11-02','KD01','JBT06','001','005',0.89,NULL,679),('195703011981032004','2016-11-02','KD01','JBT06','001','006',0.78,NULL,680),('195703011981032004','2016-11-03','KD01','JBT06','001','001',0.78,NULL,704),('195703011981032004','2016-11-03','KD01','JBT06','001','002',1.00,NULL,705),('195703011981032004','2016-11-03','KD01','JBT06','001','003',0.69,NULL,706),('195703011981032004','2016-11-03','KD01','JBT06','001','004',0.79,NULL,707),('195703011981032004','2016-11-03','KD01','JBT06','001','005',1.00,NULL,708),('195703011981032004','2016-11-03','KD01','JBT06','001','006',0.49,NULL,709),('195703011981032004','2016-11-07','KD01','JBT06','001','001',0.89,NULL,733),('195703011981032004','2016-11-07','KD01','JBT06','001','002',1.00,NULL,734),('195703011981032004','2016-11-07','KD01','JBT06','001','003',0.68,NULL,735),('195703011981032004','2016-11-07','KD01','JBT06','001','004',0.69,NULL,736),('195703011981032004','2016-11-07','KD01','JBT06','001','005',0.59,NULL,737),('195703011981032004','2016-11-07','KD01','JBT06','001','006',0.69,NULL,738),('195703011981032004','2016-11-08','KD01','JBT06','001','001',0.69,NULL,763),('195703011981032004','2016-11-08','KD01','JBT06','001','002',0.58,NULL,764),('195703011981032004','2016-11-08','KD01','JBT06','001','003',1.00,NULL,765),('195703011981032004','2016-11-08','KD01','JBT06','001','004',NULL,NULL,766),('195703011981032004','2016-11-08','KD01','JBT06','001','005',NULL,NULL,767),('195703011981032004','2016-11-08','KD01','JBT06','001','006',NULL,NULL,768),('195703251978031007','2016-10-03','KD01','JBT09','001','001',0.86,NULL,17),('195703251978031007','2016-10-03','KD01','JBT09','001','002',0.68,NULL,18),('195703251978031007','2016-10-03','KD01','JBT09','001','003',0.67,NULL,19),('195703251978031007','2016-10-03','KD01','JBT09','001','004',0.73,NULL,20),('195703251978031007','2016-10-03','KD01','JBT09','001','005',0.78,NULL,21),('195703251978031007','2016-10-03','KD01','JBT09','001','006',0.91,NULL,22),('195703251978031007','2016-10-04','KD01','JBT09','001','001',0.79,NULL,40),('195703251978031007','2016-10-04','KD01','JBT09','001','002',0.81,NULL,41),('195703251978031007','2016-10-04','KD01','JBT09','001','003',0.91,NULL,42),('195703251978031007','2016-10-04','KD01','JBT09','001','004',0.81,NULL,43),('195703251978031007','2016-10-04','KD01','JBT09','001','005',0.83,NULL,44),('195703251978031007','2016-10-04','KD01','JBT09','001','006',0.89,NULL,45),('195703251978031007','2016-10-05','KD01','JBT09','001','001',0.69,NULL,77),('195703251978031007','2016-10-05','KD01','JBT09','001','002',0.89,NULL,78),('195703251978031007','2016-10-05','KD01','JBT09','001','003',0.91,NULL,79),('195703251978031007','2016-10-05','KD01','JBT09','001','004',0.91,NULL,80),('195703251978031007','2016-10-05','KD01','JBT09','001','005',0.99,NULL,81),('195703251978031007','2016-10-05','KD01','JBT09','001','006',1.00,NULL,82),('195703251978031007','2016-10-06','KD01','JBT09','001','001',1.00,NULL,101),('195703251978031007','2016-10-06','KD01','JBT09','001','002',0.89,NULL,102),('195703251978031007','2016-10-06','KD01','JBT09','001','003',0.82,NULL,103),('195703251978031007','2016-10-06','KD01','JBT09','001','004',0.91,NULL,104),('195703251978031007','2016-10-06','KD01','JBT09','001','005',1.00,NULL,105),('195703251978031007','2016-10-06','KD01','JBT09','001','006',0.98,NULL,106),('195703251978031007','2016-10-07','KD01','JBT09','001','001',1.00,NULL,132),('195703251978031007','2016-10-07','KD01','JBT09','001','002',0.81,NULL,133),('195703251978031007','2016-10-07','KD01','JBT09','001','003',0.91,NULL,134),('195703251978031007','2016-10-07','KD01','JBT09','001','004',0.91,NULL,135),('195703251978031007','2016-10-07','KD01','JBT09','001','005',0.78,NULL,136),('195703251978031007','2016-10-07','KD01','JBT09','001','006',0.92,NULL,137),('195703251978031007','2016-10-10','KD01','JBT09','001','001',0.95,NULL,156),('195703251978031007','2016-10-10','KD01','JBT09','001','002',0.93,NULL,157),('195703251978031007','2016-10-10','KD01','JBT09','001','003',0.91,NULL,158),('195703251978031007','2016-10-10','KD01','JBT09','001','004',1.00,NULL,159),('195703251978031007','2016-10-10','KD01','JBT09','001','005',1.00,NULL,160),('195703251978031007','2016-10-10','KD01','JBT09','001','006',0.91,NULL,161),('195703251978031007','2016-10-11','KD01','JBT09','001','001',0.93,NULL,186),('195703251978031007','2016-10-11','KD01','JBT09','001','002',0.91,NULL,187),('195703251978031007','2016-10-11','KD01','JBT09','001','003',0.82,NULL,188),('195703251978031007','2016-10-11','KD01','JBT09','001','004',0.86,NULL,189),('195703251978031007','2016-10-11','KD01','JBT09','001','005',0.81,NULL,190),('195703251978031007','2016-10-11','KD01','JBT09','001','006',0.82,NULL,191),('195703251978031007','2016-10-12','KD01','JBT09','001','001',0.97,NULL,244),('195703251978031007','2016-10-12','KD01','JBT09','001','002',0.91,NULL,245),('195703251978031007','2016-10-12','KD01','JBT09','001','003',1.00,NULL,246),('195703251978031007','2016-10-12','KD01','JBT09','001','004',0.78,NULL,247),('195703251978031007','2016-10-12','KD01','JBT09','001','005',0.81,NULL,248),('195703251978031007','2016-10-12','KD01','JBT09','001','006',0.92,NULL,249),('195703251978031007','2016-10-13','KD01','JBT09','001','001',0.39,NULL,273),('195703251978031007','2016-10-13','KD01','JBT09','001','002',0.58,NULL,274),('195703251978031007','2016-10-13','KD01','JBT09','001','003',0.69,NULL,275),('195703251978031007','2016-10-13','KD01','JBT09','001','004',0.98,NULL,276),('195703251978031007','2016-10-13','KD01','JBT09','001','005',0.71,NULL,277),('195703251978031007','2016-10-13','KD01','JBT09','001','006',0.92,NULL,278),('195703251978031007','2016-10-14','KD01','JBT09','001','001',1.00,NULL,215),('195703251978031007','2016-10-14','KD01','JBT09','001','002',0.92,NULL,216),('195703251978031007','2016-10-14','KD01','JBT09','001','003',0.89,NULL,217),('195703251978031007','2016-10-14','KD01','JBT09','001','004',1.00,NULL,218),('195703251978031007','2016-10-14','KD01','JBT09','001','005',0.79,NULL,219),('195703251978031007','2016-10-14','KD01','JBT09','001','006',0.73,NULL,220),('195703251978031007','2016-10-17','KD01','JBT09','001','001',0.92,NULL,303),('195703251978031007','2016-10-17','KD01','JBT09','001','002',0.88,NULL,304),('195703251978031007','2016-10-17','KD01','JBT09','001','003',0.84,NULL,305),('195703251978031007','2016-10-17','KD01','JBT09','001','004',0.92,NULL,306),('195703251978031007','2016-10-17','KD01','JBT09','001','005',0.76,NULL,307),('195703251978031007','2016-10-17','KD01','JBT09','001','006',0.76,NULL,308),('195703251978031007','2016-10-18','KD01','JBT09','001','001',1.00,NULL,332),('195703251978031007','2016-10-18','KD01','JBT09','001','002',0.89,NULL,333),('195703251978031007','2016-10-18','KD01','JBT09','001','003',0.76,NULL,334),('195703251978031007','2016-10-18','KD01','JBT09','001','004',0.77,NULL,335),('195703251978031007','2016-10-18','KD01','JBT09','001','005',0.66,NULL,336),('195703251978031007','2016-10-18','KD01','JBT09','001','006',0.97,NULL,337),('195703251978031007','2016-10-19','KD01','JBT09','001','001',1.00,NULL,361),('195703251978031007','2016-10-19','KD01','JBT09','001','002',1.00,NULL,362),('195703251978031007','2016-10-19','KD01','JBT09','001','003',1.00,NULL,363),('195703251978031007','2016-10-19','KD01','JBT09','001','004',1.00,NULL,364),('195703251978031007','2016-10-19','KD01','JBT09','001','005',1.00,NULL,365),('195703251978031007','2016-10-19','KD01','JBT09','001','006',0.63,NULL,366),('195703251978031007','2016-10-20','KD01','JBT09','001','001',0.64,NULL,390),('195703251978031007','2016-10-20','KD01','JBT09','001','002',0.68,NULL,391),('195703251978031007','2016-10-20','KD01','JBT09','001','003',0.89,NULL,392),('195703251978031007','2016-10-20','KD01','JBT09','001','004',0.89,NULL,393),('195703251978031007','2016-10-20','KD01','JBT09','001','005',0.68,NULL,394),('195703251978031007','2016-10-20','KD01','JBT09','001','006',0.48,NULL,395),('195703251978031007','2016-10-21','KD01','JBT09','001','001',1.00,NULL,419),('195703251978031007','2016-10-21','KD01','JBT09','001','002',1.00,NULL,420),('195703251978031007','2016-10-21','KD01','JBT09','001','003',1.00,NULL,421),('195703251978031007','2016-10-21','KD01','JBT09','001','004',0.78,NULL,422),('195703251978031007','2016-10-21','KD01','JBT09','001','005',0.67,NULL,423),('195703251978031007','2016-10-21','KD01','JBT09','001','006',0.68,NULL,424),('195703251978031007','2016-10-24','KD01','JBT09','001','001',0.40,NULL,448),('195703251978031007','2016-10-24','KD01','JBT09','001','002',1.00,NULL,449),('195703251978031007','2016-10-24','KD01','JBT09','001','003',0.69,NULL,450),('195703251978031007','2016-10-24','KD01','JBT09','001','004',0.69,NULL,451),('195703251978031007','2016-10-24','KD01','JBT09','001','005',0.69,NULL,452),('195703251978031007','2016-10-24','KD01','JBT09','001','006',0.68,NULL,453),('195703251978031007','2016-10-25','KD01','JBT09','001','001',0.68,NULL,477),('195703251978031007','2016-10-25','KD01','JBT09','001','002',1.00,NULL,478),('195703251978031007','2016-10-25','KD01','JBT09','001','003',1.00,NULL,479),('195703251978031007','2016-10-25','KD01','JBT09','001','004',0.22,NULL,480),('195703251978031007','2016-10-25','KD01','JBT09','001','005',1.00,NULL,481),('195703251978031007','2016-10-25','KD01','JBT09','001','006',1.00,NULL,482),('195703251978031007','2016-10-26','KD01','JBT09','001','001',0.79,NULL,507),('195703251978031007','2016-10-26','KD01','JBT09','001','002',0.47,NULL,508),('195703251978031007','2016-10-26','KD01','JBT09','001','003',1.00,NULL,509),('195703251978031007','2016-10-26','KD01','JBT09','001','004',0.98,NULL,510),('195703251978031007','2016-10-26','KD01','JBT09','001','005',1.00,NULL,511),('195703251978031007','2016-10-26','KD01','JBT09','001','006',1.00,NULL,512),('195703251978031007','2016-10-27','KD01','JBT09','001','001',0.78,NULL,594),('195703251978031007','2016-10-27','KD01','JBT09','001','002',0.28,NULL,595),('195703251978031007','2016-10-27','KD01','JBT09','001','003',0.89,NULL,596),('195703251978031007','2016-10-27','KD01','JBT09','001','004',0.89,NULL,597),('195703251978031007','2016-10-27','KD01','JBT09','001','005',1.00,NULL,598),('195703251978031007','2016-10-27','KD01','JBT09','001','006',0.98,NULL,599),('195703251978031007','2016-10-28','KD01','JBT09','001','001',0.78,NULL,623),('195703251978031007','2016-10-28','KD01','JBT09','001','002',1.00,NULL,624),('195703251978031007','2016-10-28','KD01','JBT09','001','003',0.58,NULL,625),('195703251978031007','2016-10-28','KD01','JBT09','001','004',1.00,NULL,626),('195703251978031007','2016-10-28','KD01','JBT09','001','005',1.00,NULL,627),('195703251978031007','2016-10-28','KD01','JBT09','001','006',1.00,NULL,628),('195703251978031007','2016-10-29','KD01','JBT09','001','001',0.79,NULL,536),('195703251978031007','2016-10-29','KD01','JBT09','001','002',0.67,NULL,537),('195703251978031007','2016-10-29','KD01','JBT09','001','003',1.00,NULL,538),('195703251978031007','2016-10-29','KD01','JBT09','001','004',1.00,NULL,539),('195703251978031007','2016-10-29','KD01','JBT09','001','005',0.89,NULL,540),('195703251978031007','2016-10-29','KD01','JBT09','001','006',0.42,NULL,541),('195703251978031007','2016-10-31','KD01','JBT09','001','001',1.00,NULL,565),('195703251978031007','2016-10-31','KD01','JBT09','001','002',0.78,NULL,566),('195703251978031007','2016-10-31','KD01','JBT09','001','003',0.40,NULL,567),('195703251978031007','2016-10-31','KD01','JBT09','001','004',1.00,NULL,568),('195703251978031007','2016-10-31','KD01','JBT09','001','005',0.69,NULL,569),('195703251978031007','2016-10-31','KD01','JBT09','001','006',1.00,NULL,570),('195703251978031007','2016-11-01','KD01','JBT09','001','001',1.00,NULL,652),('195703251978031007','2016-11-01','KD01','JBT09','001','002',0.68,NULL,653),('195703251978031007','2016-11-01','KD01','JBT09','001','003',0.89,NULL,654),('195703251978031007','2016-11-01','KD01','JBT09','001','004',0.58,NULL,655),('195703251978031007','2016-11-01','KD01','JBT09','001','005',0.92,NULL,656),('195703251978031007','2016-11-01','KD01','JBT09','001','006',0.97,NULL,657),('195703251978031007','2016-11-02','KD01','JBT09','001','001',0.93,NULL,681),('195703251978031007','2016-11-02','KD01','JBT09','001','002',0.84,NULL,682),('195703251978031007','2016-11-02','KD01','JBT09','001','003',1.00,NULL,683),('195703251978031007','2016-11-02','KD01','JBT09','001','004',1.00,NULL,684),('195703251978031007','2016-11-02','KD01','JBT09','001','005',0.89,NULL,685),('195703251978031007','2016-11-02','KD01','JBT09','001','006',0.85,NULL,686),('195703251978031007','2016-11-03','KD01','JBT09','001','001',0.58,NULL,710),('195703251978031007','2016-11-03','KD01','JBT09','001','002',1.00,NULL,711),('195703251978031007','2016-11-03','KD01','JBT09','001','003',0.89,NULL,712),('195703251978031007','2016-11-03','KD01','JBT09','001','004',0.79,NULL,713),('195703251978031007','2016-11-03','KD01','JBT09','001','005',1.00,NULL,714),('195703251978031007','2016-11-03','KD01','JBT09','001','006',0.79,NULL,715),('195703251978031007','2016-11-07','KD01','JBT09','001','001',0.58,NULL,739),('195703251978031007','2016-11-07','KD01','JBT09','001','002',1.00,NULL,740),('195703251978031007','2016-11-07','KD01','JBT09','001','003',0.69,NULL,741),('195703251978031007','2016-11-07','KD01','JBT09','001','004',0.58,NULL,742),('195703251978031007','2016-11-07','KD01','JBT09','001','005',0.89,NULL,743),('195703251978031007','2016-11-07','KD01','JBT09','001','006',0.69,NULL,744),('195703251978031007','2016-11-08','KD01','JBT09','001','001',0.79,NULL,769),('195703251978031007','2016-11-08','KD01','JBT09','001','002',0.68,NULL,770),('195703251978031007','2016-11-08','KD01','JBT09','001','003',1.00,NULL,771),('195703251978031007','2016-11-08','KD01','JBT09','001','004',NULL,NULL,772),('195703251978031007','2016-11-08','KD01','JBT09','001','005',NULL,NULL,773),('195703251978031007','2016-11-08','KD01','JBT09','001','006',NULL,NULL,774),('195708101982012007','2016-10-03','KD01','JBT12','001','001',0.62,NULL,23),('195708101982012007','2016-10-03','KD01','JBT12','001','002',0.86,NULL,24),('195708101982012007','2016-10-03','KD01','JBT12','001','003',0.81,NULL,25),('195708101982012007','2016-10-03','KD01','JBT12','001','004',0.75,NULL,26),('195708101982012007','2016-10-03','KD01','JBT12','001','005',0.79,NULL,27),('195708101982012007','2016-10-03','KD01','JBT12','001','006',0.95,NULL,28),('195708101982012007','2016-10-04','KD01','JBT12','001','001',0.76,NULL,53),('195708101982012007','2016-10-04','KD01','JBT12','001','002',0.89,NULL,54),('195708101982012007','2016-10-04','KD01','JBT12','001','003',0.91,NULL,55),('195708101982012007','2016-10-04','KD01','JBT12','001','004',0.87,NULL,56),('195708101982012007','2016-10-04','KD01','JBT12','001','005',0.71,NULL,57),('195708101982012007','2016-10-04','KD01','JBT12','001','006',0.91,NULL,58),('195708101982012007','2016-10-05','KD01','JBT12','001','001',0.89,NULL,83),('195708101982012007','2016-10-05','KD01','JBT12','001','002',0.76,NULL,84),('195708101982012007','2016-10-05','KD01','JBT12','001','003',1.00,NULL,85),('195708101982012007','2016-10-05','KD01','JBT12','001','004',0.81,NULL,86),('195708101982012007','2016-10-05','KD01','JBT12','001','005',0.91,NULL,87),('195708101982012007','2016-10-05','KD01','JBT12','001','006',1.00,NULL,88),('195708101982012007','2016-10-06','KD01','JBT12','001','001',1.00,NULL,107),('195708101982012007','2016-10-06','KD01','JBT12','001','002',0.67,NULL,108),('195708101982012007','2016-10-06','KD01','JBT12','001','003',0.81,NULL,109),('195708101982012007','2016-10-06','KD01','JBT12','001','004',0.94,NULL,110),('195708101982012007','2016-10-06','KD01','JBT12','001','005',1.00,NULL,111),('195708101982012007','2016-10-06','KD01','JBT12','001','006',0.91,NULL,112),('195708101982012007','2016-10-07','KD01','JBT12','001','001',1.00,NULL,120),('195708101982012007','2016-10-07','KD01','JBT12','001','002',0.87,NULL,121),('195708101982012007','2016-10-07','KD01','JBT12','001','003',0.99,NULL,122),('195708101982012007','2016-10-07','KD01','JBT12','001','004',0.91,NULL,123),('195708101982012007','2016-10-07','KD01','JBT12','001','005',0.79,NULL,124),('195708101982012007','2016-10-07','KD01','JBT12','001','006',0.91,NULL,125),('195708101982012007','2016-10-10','KD01','JBT12','001','001',0.92,NULL,162),('195708101982012007','2016-10-10','KD01','JBT12','001','002',0.91,NULL,163),('195708101982012007','2016-10-10','KD01','JBT12','001','003',1.00,NULL,164),('195708101982012007','2016-10-10','KD01','JBT12','001','004',1.00,NULL,165),('195708101982012007','2016-10-10','KD01','JBT12','001','005',1.00,NULL,166),('195708101982012007','2016-10-10','KD01','JBT12','001','006',0.92,NULL,167),('195708101982012007','2016-10-11','KD01','JBT12','001','001',0.92,NULL,192),('195708101982012007','2016-10-11','KD01','JBT12','001','002',0.81,NULL,193),('195708101982012007','2016-10-11','KD01','JBT12','001','003',0.83,NULL,194),('195708101982012007','2016-10-11','KD01','JBT12','001','004',0.82,NULL,195),('195708101982012007','2016-10-11','KD01','JBT12','001','005',0.78,NULL,196),('195708101982012007','2016-10-11','KD01','JBT12','001','006',0.81,NULL,197),('195708101982012007','2016-10-12','KD01','JBT12','001','001',0.67,NULL,250),('195708101982012007','2016-10-12','KD01','JBT12','001','002',0.65,NULL,251),('195708101982012007','2016-10-12','KD01','JBT12','001','003',1.00,NULL,252),('195708101982012007','2016-10-12','KD01','JBT12','001','004',0.79,NULL,253),('195708101982012007','2016-10-12','KD01','JBT12','001','005',0.82,NULL,254),('195708101982012007','2016-10-12','KD01','JBT12','001','006',0.83,NULL,255),('195708101982012007','2016-10-13','KD01','JBT12','001','001',0.48,NULL,279),('195708101982012007','2016-10-13','KD01','JBT12','001','002',0.59,NULL,280),('195708101982012007','2016-10-13','KD01','JBT12','001','003',0.89,NULL,281),('195708101982012007','2016-10-13','KD01','JBT12','001','004',0.81,NULL,282),('195708101982012007','2016-10-13','KD01','JBT12','001','005',0.72,NULL,283),('195708101982012007','2016-10-13','KD01','JBT12','001','006',0.91,NULL,284),('195708101982012007','2016-10-14','KD01','JBT12','001','001',1.00,NULL,221),('195708101982012007','2016-10-14','KD01','JBT12','001','002',0.91,NULL,222),('195708101982012007','2016-10-14','KD01','JBT12','001','003',0.88,NULL,223),('195708101982012007','2016-10-14','KD01','JBT12','001','004',1.00,NULL,224),('195708101982012007','2016-10-14','KD01','JBT12','001','005',0.76,NULL,225),('195708101982012007','2016-10-14','KD01','JBT12','001','006',0.71,NULL,226),('195708101982012007','2016-10-17','KD01','JBT12','001','001',0.93,NULL,309),('195708101982012007','2016-10-17','KD01','JBT12','001','002',0.81,NULL,310),('195708101982012007','2016-10-17','KD01','JBT12','001','003',0.74,NULL,311),('195708101982012007','2016-10-17','KD01','JBT12','001','004',0.94,NULL,312),('195708101982012007','2016-10-17','KD01','JBT12','001','005',0.78,NULL,313),('195708101982012007','2016-10-17','KD01','JBT12','001','006',0.78,NULL,314),('195708101982012007','2016-10-18','KD01','JBT12','001','001',1.00,NULL,338),('195708101982012007','2016-10-18','KD01','JBT12','001','002',0.78,NULL,339),('195708101982012007','2016-10-18','KD01','JBT12','001','003',0.79,NULL,340),('195708101982012007','2016-10-18','KD01','JBT12','001','004',0.77,NULL,341),('195708101982012007','2016-10-18','KD01','JBT12','001','005',0.69,NULL,342),('195708101982012007','2016-10-18','KD01','JBT12','001','006',0.92,NULL,343),('195708101982012007','2016-10-19','KD01','JBT12','001','001',1.00,NULL,367),('195708101982012007','2016-10-19','KD01','JBT12','001','002',1.00,NULL,368),('195708101982012007','2016-10-19','KD01','JBT12','001','003',1.00,NULL,369),('195708101982012007','2016-10-19','KD01','JBT12','001','004',1.00,NULL,370),('195708101982012007','2016-10-19','KD01','JBT12','001','005',1.00,NULL,371),('195708101982012007','2016-10-19','KD01','JBT12','001','006',0.56,NULL,372),('195708101982012007','2016-10-20','KD01','JBT12','001','001',0.74,NULL,396),('195708101982012007','2016-10-20','KD01','JBT12','001','002',0.78,NULL,397),('195708101982012007','2016-10-20','KD01','JBT12','001','003',0.69,NULL,398),('195708101982012007','2016-10-20','KD01','JBT12','001','004',0.99,NULL,399),('195708101982012007','2016-10-20','KD01','JBT12','001','005',0.98,NULL,400),('195708101982012007','2016-10-20','KD01','JBT12','001','006',1.00,NULL,401),('195708101982012007','2016-10-21','KD01','JBT12','001','001',1.00,NULL,425),('195708101982012007','2016-10-21','KD01','JBT12','001','002',1.00,NULL,426),('195708101982012007','2016-10-21','KD01','JBT12','001','003',1.00,NULL,427),('195708101982012007','2016-10-21','KD01','JBT12','001','004',0.77,NULL,428),('195708101982012007','2016-10-21','KD01','JBT12','001','005',0.79,NULL,429),('195708101982012007','2016-10-21','KD01','JBT12','001','006',0.79,NULL,430),('195708101982012007','2016-10-24','KD01','JBT12','001','001',0.24,NULL,454),('195708101982012007','2016-10-24','KD01','JBT12','001','002',1.00,NULL,455),('195708101982012007','2016-10-24','KD01','JBT12','001','003',0.59,NULL,456),('195708101982012007','2016-10-24','KD01','JBT12','001','004',0.69,NULL,457),('195708101982012007','2016-10-24','KD01','JBT12','001','005',0.69,NULL,458),('195708101982012007','2016-10-24','KD01','JBT12','001','006',0.48,NULL,459),('195708101982012007','2016-10-25','KD01','JBT12','001','001',0.69,NULL,483),('195708101982012007','2016-10-25','KD01','JBT12','001','002',0.69,NULL,484),('195708101982012007','2016-10-25','KD01','JBT12','001','003',1.00,NULL,485),('195708101982012007','2016-10-25','KD01','JBT12','001','004',0.19,NULL,486),('195708101982012007','2016-10-25','KD01','JBT12','001','005',1.00,NULL,487),('195708101982012007','2016-10-25','KD01','JBT12','001','006',1.00,NULL,488),('195708101982012007','2016-10-26','KD01','JBT12','001','001',0.69,NULL,513),('195708101982012007','2016-10-26','KD01','JBT12','001','002',0.58,NULL,514),('195708101982012007','2016-10-26','KD01','JBT12','001','003',1.00,NULL,515),('195708101982012007','2016-10-26','KD01','JBT12','001','004',0.79,NULL,516),('195708101982012007','2016-10-26','KD01','JBT12','001','005',1.00,NULL,517),('195708101982012007','2016-10-26','KD01','JBT12','001','006',1.00,NULL,518),('195708101982012007','2016-10-27','KD01','JBT12','001','001',0.48,NULL,600),('195708101982012007','2016-10-27','KD01','JBT12','001','002',0.48,NULL,601),('195708101982012007','2016-10-27','KD01','JBT12','001','003',1.00,NULL,602),('195708101982012007','2016-10-27','KD01','JBT12','001','004',0.90,NULL,603),('195708101982012007','2016-10-27','KD01','JBT12','001','005',1.00,NULL,604),('195708101982012007','2016-10-27','KD01','JBT12','001','006',0.82,NULL,605),('195708101982012007','2016-10-28','KD01','JBT12','001','001',0.99,NULL,629),('195708101982012007','2016-10-28','KD01','JBT12','001','002',1.00,NULL,630),('195708101982012007','2016-10-28','KD01','JBT12','001','003',0.59,NULL,631),('195708101982012007','2016-10-28','KD01','JBT12','001','004',1.00,NULL,632),('195708101982012007','2016-10-28','KD01','JBT12','001','005',1.00,NULL,633),('195708101982012007','2016-10-28','KD01','JBT12','001','006',1.00,NULL,634),('195708101982012007','2016-10-29','KD01','JBT12','001','001',0.58,NULL,542),('195708101982012007','2016-10-29','KD01','JBT12','001','002',0.47,NULL,543),('195708101982012007','2016-10-29','KD01','JBT12','001','003',1.00,NULL,544),('195708101982012007','2016-10-29','KD01','JBT12','001','004',1.00,NULL,545),('195708101982012007','2016-10-29','KD01','JBT12','001','005',0.99,NULL,546),('195708101982012007','2016-10-29','KD01','JBT12','001','006',0.98,NULL,547),('195708101982012007','2016-10-31','KD01','JBT12','001','001',1.00,NULL,571),('195708101982012007','2016-10-31','KD01','JBT12','001','002',0.58,NULL,572),('195708101982012007','2016-10-31','KD01','JBT12','001','003',0.69,NULL,573),('195708101982012007','2016-10-31','KD01','JBT12','001','004',1.00,NULL,574),('195708101982012007','2016-10-31','KD01','JBT12','001','005',0.92,NULL,575),('195708101982012007','2016-10-31','KD01','JBT12','001','006',1.00,NULL,576),('195708101982012007','2016-11-01','KD01','JBT12','001','001',1.00,NULL,658),('195708101982012007','2016-11-01','KD01','JBT12','001','002',0.89,NULL,659),('195708101982012007','2016-11-01','KD01','JBT12','001','003',0.91,NULL,660),('195708101982012007','2016-11-01','KD01','JBT12','001','004',0.48,NULL,661),('195708101982012007','2016-11-01','KD01','JBT12','001','005',0.95,NULL,662),('195708101982012007','2016-11-01','KD01','JBT12','001','006',0.99,NULL,663),('195708101982012007','2016-11-02','KD01','JBT12','001','001',0.93,NULL,687),('195708101982012007','2016-11-02','KD01','JBT12','001','002',0.85,NULL,688),('195708101982012007','2016-11-02','KD01','JBT12','001','003',1.00,NULL,689),('195708101982012007','2016-11-02','KD01','JBT12','001','004',1.00,NULL,690),('195708101982012007','2016-11-02','KD01','JBT12','001','005',0.78,NULL,691),('195708101982012007','2016-11-02','KD01','JBT12','001','006',0.78,NULL,692),('195708101982012007','2016-11-03','KD01','JBT12','001','001',0.79,NULL,716),('195708101982012007','2016-11-03','KD01','JBT12','001','002',1.00,NULL,717),('195708101982012007','2016-11-03','KD01','JBT12','001','003',0.47,NULL,718),('195708101982012007','2016-11-03','KD01','JBT12','001','004',1.00,NULL,719),('195708101982012007','2016-11-03','KD01','JBT12','001','005',0.59,NULL,720),('195708101982012007','2016-11-03','KD01','JBT12','001','006',0.89,NULL,721),('195708101982012007','2016-11-07','KD01','JBT12','001','001',0.79,NULL,746),('195708101982012007','2016-11-07','KD01','JBT12','001','002',1.00,NULL,747),('195708101982012007','2016-11-07','KD01','JBT12','001','003',0.69,NULL,748),('195708101982012007','2016-11-07','KD01','JBT12','001','004',0.59,NULL,749),('195708101982012007','2016-11-07','KD01','JBT12','001','005',0.59,NULL,750),('195708101982012007','2016-11-07','KD01','JBT12','001','006',0.79,NULL,751),('195708101982012007','2016-11-08','KD01','JBT12','001','001',0.69,NULL,775),('195708101982012007','2016-11-08','KD01','JBT12','001','002',0.58,NULL,776),('195708101982012007','2016-11-08','KD01','JBT12','001','003',1.00,NULL,777),('195708101982012007','2016-11-08','KD01','JBT12','001','004',NULL,NULL,778),('195708101982012007','2016-11-08','KD01','JBT12','001','005',NULL,NULL,779),('195708101982012007','2016-11-08','KD01','JBT12','001','006',NULL,NULL,780),('195711141981031006','2016-10-03','KD01','JBT15','001','001',0.62,NULL,29),('195711141981031006','2016-10-03','KD01','JBT15','001','002',0.81,NULL,30),('195711141981031006','2016-10-03','KD01','JBT15','001','003',0.72,NULL,31),('195711141981031006','2016-10-03','KD01','JBT15','001','004',0.76,NULL,32),('195711141981031006','2016-10-03','KD01','JBT15','001','005',0.89,NULL,33),('195711141981031006','2016-10-04','KD01','JBT15','001','001',0.78,NULL,59),('195711141981031006','2016-10-04','KD01','JBT15','001','002',0.90,NULL,60),('195711141981031006','2016-10-04','KD01','JBT15','001','003',0.92,NULL,61),('195711141981031006','2016-10-04','KD01','JBT15','001','004',0.82,NULL,62),('195711141981031006','2016-10-04','KD01','JBT15','001','005',0.78,NULL,63),('195711141981031006','2016-10-04','KD01','JBT15','001','006',0.76,NULL,64),('195711141981031006','2016-10-05','KD01','JBT15','001','001',0.81,NULL,65),('195711141981031006','2016-10-05','KD01','JBT15','001','002',0.78,NULL,66),('195711141981031006','2016-10-05','KD01','JBT15','001','003',1.00,NULL,67),('195711141981031006','2016-10-05','KD01','JBT15','001','004',0.79,NULL,68),('195711141981031006','2016-10-05','KD01','JBT15','001','005',1.00,NULL,69),('195711141981031006','2016-10-05','KD01','JBT15','001','006',1.00,NULL,70),('195711141981031006','2016-10-06','KD01','JBT15','001','001',1.00,NULL,113),('195711141981031006','2016-10-06','KD01','JBT15','001','002',0.87,NULL,114),('195711141981031006','2016-10-06','KD01','JBT15','001','003',0.89,NULL,115),('195711141981031006','2016-10-06','KD01','JBT15','001','004',0.97,NULL,116),('195711141981031006','2016-10-06','KD01','JBT15','001','005',1.00,NULL,117),('195711141981031006','2016-10-06','KD01','JBT15','001','006',0.97,NULL,118),('195711141981031006','2016-10-07','KD01','JBT15','001','001',1.00,NULL,139),('195711141981031006','2016-10-07','KD01','JBT15','001','002',0.81,NULL,140),('195711141981031006','2016-10-07','KD01','JBT15','001','003',0.93,NULL,141),('195711141981031006','2016-10-07','KD01','JBT15','001','004',0.82,NULL,142),('195711141981031006','2016-10-07','KD01','JBT15','001','005',0.91,NULL,143),('195711141981031006','2016-10-07','KD01','JBT15','001','006',0.93,NULL,144),('195711141981031006','2016-10-10','KD01','JBT15','001','001',0.91,NULL,168),('195711141981031006','2016-10-10','KD01','JBT15','001','002',0.92,NULL,169),('195711141981031006','2016-10-10','KD01','JBT15','001','003',1.00,NULL,170),('195711141981031006','2016-10-10','KD01','JBT15','001','004',1.00,NULL,171),('195711141981031006','2016-10-10','KD01','JBT15','001','005',1.00,NULL,172),('195711141981031006','2016-10-10','KD01','JBT15','001','006',0.81,NULL,173),('195711141981031006','2016-10-11','KD01','JBT15','001','001',0.91,NULL,198),('195711141981031006','2016-10-11','KD01','JBT15','001','002',0.82,NULL,199),('195711141981031006','2016-10-11','KD01','JBT15','001','003',0.85,NULL,200),('195711141981031006','2016-10-11','KD01','JBT15','001','004',0.81,NULL,201),('195711141981031006','2016-10-11','KD01','JBT15','001','005',0.81,NULL,202),('195711141981031006','2016-10-11','KD01','JBT15','001','006',0.95,NULL,203),('195711141981031006','2016-10-12','KD01','JBT15','001','001',0.87,NULL,256),('195711141981031006','2016-10-12','KD01','JBT15','001','002',0.67,NULL,257),('195711141981031006','2016-10-12','KD01','JBT15','001','003',1.00,NULL,258),('195711141981031006','2016-10-12','KD01','JBT15','001','004',0.82,NULL,259),('195711141981031006','2016-10-12','KD01','JBT15','001','005',0.92,NULL,260),('195711141981031006','2016-10-13','KD01','JBT15','001','001',0.53,NULL,285),('195711141981031006','2016-10-13','KD01','JBT15','001','002',0.78,NULL,286),('195711141981031006','2016-10-13','KD01','JBT15','001','003',0.97,NULL,287),('195711141981031006','2016-10-13','KD01','JBT15','001','004',0.82,NULL,288),('195711141981031006','2016-10-13','KD01','JBT15','001','005',0.83,NULL,289),('195711141981031006','2016-10-13','KD01','JBT15','001','006',0.89,NULL,290),('195711141981031006','2016-10-14','KD01','JBT15','001','001',1.00,NULL,227),('195711141981031006','2016-10-14','KD01','JBT15','001','002',0.93,NULL,228),('195711141981031006','2016-10-14','KD01','JBT15','001','003',0.86,NULL,229),('195711141981031006','2016-10-14','KD01','JBT15','001','004',1.00,NULL,230),('195711141981031006','2016-10-14','KD01','JBT15','001','005',0.74,NULL,231),('195711141981031006','2016-10-14','KD01','JBT15','001','006',0.69,NULL,232),('195711141981031006','2016-10-17','KD01','JBT15','001','001',0.78,NULL,315),('195711141981031006','2016-10-17','KD01','JBT15','001','002',0.76,NULL,316),('195711141981031006','2016-10-17','KD01','JBT15','001','003',0.69,NULL,317),('195711141981031006','2016-10-17','KD01','JBT15','001','004',0.85,NULL,318),('195711141981031006','2016-10-17','KD01','JBT15','001','005',0.69,NULL,319),('195711141981031006','2016-10-17','KD01','JBT15','001','006',0.99,NULL,320),('195711141981031006','2016-10-18','KD01','JBT15','001','001',1.00,NULL,344),('195711141981031006','2016-10-18','KD01','JBT15','001','002',0.78,NULL,345),('195711141981031006','2016-10-18','KD01','JBT15','001','003',0.82,NULL,346),('195711141981031006','2016-10-18','KD01','JBT15','001','004',0.99,NULL,347),('195711141981031006','2016-10-18','KD01','JBT15','001','005',0.88,NULL,348),('195711141981031006','2016-10-18','KD01','JBT15','001','006',0.72,NULL,349),('195711141981031006','2016-10-19','KD01','JBT15','001','001',1.00,NULL,373),('195711141981031006','2016-10-19','KD01','JBT15','001','002',1.00,NULL,374),('195711141981031006','2016-10-19','KD01','JBT15','001','003',1.00,NULL,375),('195711141981031006','2016-10-19','KD01','JBT15','001','004',1.00,NULL,376),('195711141981031006','2016-10-19','KD01','JBT15','001','005',0.99,NULL,377),('195711141981031006','2016-10-19','KD01','JBT15','001','006',0.59,NULL,378),('195711141981031006','2016-10-20','KD01','JBT15','001','001',1.00,NULL,402),('195711141981031006','2016-10-20','KD01','JBT15','001','002',0.87,NULL,403),('195711141981031006','2016-10-20','KD01','JBT15','001','003',0.89,NULL,404),('195711141981031006','2016-10-20','KD01','JBT15','001','004',0.89,NULL,405),('195711141981031006','2016-10-20','KD01','JBT15','001','005',0.79,NULL,406),('195711141981031006','2016-10-20','KD01','JBT15','001','006',0.87,NULL,407),('195711141981031006','2016-10-21','KD01','JBT15','001','001',1.00,NULL,431),('195711141981031006','2016-10-21','KD01','JBT15','001','002',0.98,NULL,432),('195711141981031006','2016-10-21','KD01','JBT15','001','003',1.00,NULL,433),('195711141981031006','2016-10-21','KD01','JBT15','001','004',0.79,NULL,434),('195711141981031006','2016-10-21','KD01','JBT15','001','005',0.88,NULL,435),('195711141981031006','2016-10-21','KD01','JBT15','001','006',0.68,NULL,436),('195711141981031006','2016-10-24','KD01','JBT15','001','001',0.58,NULL,460),('195711141981031006','2016-10-24','KD01','JBT15','001','002',1.00,NULL,461),('195711141981031006','2016-10-24','KD01','JBT15','001','003',0.68,NULL,462),('195711141981031006','2016-10-24','KD01','JBT15','001','004',0.69,NULL,463),('195711141981031006','2016-10-24','KD01','JBT15','001','005',0.68,NULL,464),('195711141981031006','2016-10-24','KD01','JBT15','001','006',0.59,NULL,465),('195711141981031006','2016-10-25','KD01','JBT15','001','001',0.59,NULL,489),('195711141981031006','2016-10-25','KD01','JBT15','001','002',0.78,NULL,490),('195711141981031006','2016-10-25','KD01','JBT15','001','003',1.00,NULL,491),('195711141981031006','2016-10-25','KD01','JBT15','001','004',0.57,NULL,492),('195711141981031006','2016-10-25','KD01','JBT15','001','005',1.00,NULL,493),('195711141981031006','2016-10-25','KD01','JBT15','001','006',1.00,NULL,494),('195711141981031006','2016-10-26','KD01','JBT15','001','001',0.79,NULL,519),('195711141981031006','2016-10-26','KD01','JBT15','001','002',0.89,NULL,520),('195711141981031006','2016-10-26','KD01','JBT15','001','003',1.00,NULL,521),('195711141981031006','2016-10-26','KD01','JBT15','001','004',1.00,NULL,522),('195711141981031006','2016-10-26','KD01','JBT15','001','005',1.00,NULL,523),('195711141981031006','2016-10-27','KD01','JBT15','001','001',0.79,NULL,606),('195711141981031006','2016-10-27','KD01','JBT15','001','002',0.17,NULL,607),('195711141981031006','2016-10-27','KD01','JBT15','001','003',1.00,NULL,608),('195711141981031006','2016-10-27','KD01','JBT15','001','004',0.88,NULL,609),('195711141981031006','2016-10-27','KD01','JBT15','001','005',1.00,NULL,610),('195711141981031006','2016-10-27','KD01','JBT15','001','006',0.84,NULL,611),('195711141981031006','2016-10-28','KD01','JBT15','001','001',0.75,NULL,635),('195711141981031006','2016-10-28','KD01','JBT15','001','002',1.00,NULL,636),('195711141981031006','2016-10-28','KD01','JBT15','001','003',0.76,NULL,637),('195711141981031006','2016-10-28','KD01','JBT15','001','004',1.00,NULL,638),('195711141981031006','2016-10-28','KD01','JBT15','001','005',1.00,NULL,639),('195711141981031006','2016-10-28','KD01','JBT15','001','006',1.00,NULL,524),('195711141981031006','2016-10-29','KD01','JBT15','001','001',0.67,NULL,548),('195711141981031006','2016-10-29','KD01','JBT15','001','002',0.79,NULL,549),('195711141981031006','2016-10-29','KD01','JBT15','001','003',1.00,NULL,550),('195711141981031006','2016-10-29','KD01','JBT15','001','004',1.00,NULL,551),('195711141981031006','2016-10-29','KD01','JBT15','001','005',0.91,NULL,552),('195711141981031006','2016-10-29','KD01','JBT15','001','006',0.59,NULL,553),('195711141981031006','2016-10-30','KD01','JBT15','001','006',0.58,NULL,582),('195711141981031006','2016-10-31','KD01','JBT15','001','001',1.00,NULL,577),('195711141981031006','2016-10-31','KD01','JBT15','001','002',1.00,NULL,578),('195711141981031006','2016-10-31','KD01','JBT15','001','003',0.87,NULL,579),('195711141981031006','2016-10-31','KD01','JBT15','001','004',1.00,NULL,580),('195711141981031006','2016-10-31','KD01','JBT15','001','005',0.69,NULL,581),('195711141981031006','2016-11-01','KD01','JBT15','001','001',1.00,NULL,664),('195711141981031006','2016-11-01','KD01','JBT15','001','002',0.79,NULL,665),('195711141981031006','2016-11-01','KD01','JBT15','001','003',0.68,NULL,666),('195711141981031006','2016-11-01','KD01','JBT15','001','004',0.68,NULL,667),('195711141981031006','2016-11-01','KD01','JBT15','001','005',0.94,NULL,668),('195711141981031006','2016-11-01','KD01','JBT15','001','006',0.93,NULL,669),('195711141981031006','2016-11-02','KD01','JBT15','001','001',0.92,NULL,693),('195711141981031006','2016-11-02','KD01','JBT15','001','002',1.00,NULL,694),('195711141981031006','2016-11-02','KD01','JBT15','001','003',1.00,NULL,695),('195711141981031006','2016-11-02','KD01','JBT15','001','004',1.00,NULL,696),('195711141981031006','2016-11-02','KD01','JBT15','001','005',0.87,NULL,697),('195711141981031006','2016-11-02','KD01','JBT15','001','006',0.49,NULL,698),('195711141981031006','2016-11-03','KD01','JBT15','001','001',0.85,NULL,722),('195711141981031006','2016-11-03','KD01','JBT15','001','002',1.00,NULL,723),('195711141981031006','2016-11-03','KD01','JBT15','001','003',0.79,NULL,724),('195711141981031006','2016-11-03','KD01','JBT15','001','004',1.00,NULL,725),('195711141981031006','2016-11-03','KD01','JBT15','001','005',0.47,NULL,726),('195711141981031006','2016-11-03','KD01','JBT15','001','006',0.58,NULL,727),('195711141981031006','2016-11-07','KD01','JBT15','001','001',0.58,NULL,752),('195711141981031006','2016-11-07','KD01','JBT15','001','002',1.00,NULL,753),('195711141981031006','2016-11-07','KD01','JBT15','001','003',0.78,NULL,754),('195711141981031006','2016-11-07','KD01','JBT15','001','004',0.48,NULL,755),('195711141981031006','2016-11-07','KD01','JBT15','001','005',0.69,NULL,756),('195711141981031006','2016-11-07','KD01','JBT15','001','006',0.98,NULL,757),('195711141981031006','2016-11-08','KD01','JBT15','001','001',0.39,NULL,781),('195711141981031006','2016-11-08','KD01','JBT15','001','002',0.59,NULL,782),('195711141981031006','2016-11-08','KD01','JBT15','001','003',1.00,NULL,783),('195711141981031006','2016-11-08','KD01','JBT15','001','004',NULL,NULL,784),('195711141981031006','2016-11-08','KD01','JBT15','001','005',NULL,NULL,785),('195711141981031006','2016-11-08','KD01','JBT15','001','006',NULL,NULL,786);

/*Table structure for table `penilaian_pribadi_tbl` */

DROP TABLE IF EXISTS `penilaian_pribadi_tbl`;

CREATE TABLE `penilaian_pribadi_tbl` (
  `nip` varchar(50) NOT NULL,
  `kd_skpd` varchar(50) NOT NULL,
  `kd_position` varchar(50) NOT NULL,
  `tanggal` date NOT NULL,
  `orientasi_pelayanan` decimal(10,0) DEFAULT NULL,
  `integritas` decimal(10,0) DEFAULT NULL,
  `komitmen` decimal(10,0) DEFAULT NULL,
  `disiplin` decimal(10,0) DEFAULT NULL,
  `kerjasama` decimal(10,0) DEFAULT NULL,
  `kepemimpinan` decimal(10,0) DEFAULT NULL,
  `guidance` decimal(10,0) DEFAULT NULL,
  `qversion` int(11) DEFAULT NULL,
  `qid` int(11) NOT NULL AUTO_INCREMENT,
  PRIMARY KEY (`nip`,`kd_skpd`,`tanggal`,`kd_position`),
  UNIQUE KEY `penilaian_pribadi_ix1` (`qid`)
) ENGINE=InnoDB AUTO_INCREMENT=258 DEFAULT CHARSET=latin1;

/*Data for the table `penilaian_pribadi_tbl` */

insert  into `penilaian_pribadi_tbl`(`nip`,`kd_skpd`,`kd_position`,`tanggal`,`orientasi_pelayanan`,`integritas`,`komitmen`,`disiplin`,`kerjasama`,`kepemimpinan`,`guidance`,`qversion`,`qid`) values ('195510181980102001','KD01','JBT01','2016-12-01',80,98,76,67,87,67,98,1,216),('195510181980102001','KD01','JBT01','2016-12-02',85,87,97,69,78,76,89,1,217),('195510181980102001','KD01','JBT01','2016-12-05',89,88,86,85,83,98,90,1,218),('195510181980102001','KD01','JBT01','2016-12-06',65,76,78,76,78,76,89,1,219),('195510181980102001','KD01','JBT01','2016-12-07',78,76,75,88,89,98,78,1,220),('195510181980102001','KD01','JBT01','2016-12-08',67,76,78,89,89,90,81,1,221),('195510181980102001','KD01','JBT01','2016-12-09',87,78,67,76,77,90,87,1,222),('195510181980102001','KD01','JBT01','2016-12-12',77,76,67,68,87,76,77,1,223),('195510181980102001','KD01','JBT01','2016-12-13',77,79,78,70,87,89,77,1,224),('195510181980102001','KD01','JBT01','2016-12-14',88,87,86,89,77,67,88,1,225),('195510181980102001','KD01','JBT01','2016-12-15',87,77,76,78,76,88,69,1,226),('195510181980102001','KD01','JBT01','2016-12-16',11,18,8,42,36,50,23,1,227),('195510181980102001','KD01','JBT01','2016-12-17',40,49,1,18,32,19,42,1,228),('195510181980102001','KD01','JBT01','2016-12-20',78,79,98,88,87,86,68,1,229),('195510181980102001','KD01','JBT01','2016-12-21',82,71,74,84,85,77,71,1,230),('195510181980102001','KD01','JBT01','2016-12-22',61,67,87,78,77,76,87,1,231),('195510181980102001','KD01','JBT01','2016-12-23',87,88,86,85,89,87,77,1,232),('195510181980102001','KD01','JBT01','2016-12-26',87,77,76,78,79,98,88,1,233),('195510181980102001','KD01','JBT01','2016-12-27',82,87,86,98,87,78,77,1,234),('195510181980102001','KD01','JBT01','2016-12-29',78,77,98,87,80,76,77,1,235),('195510181980102001','KD01','JBT01','2016-12-30',77,78,98,88,86,88,83,1,236),('195608161980031018','KD01','JBT02','2016-10-03',80,98,76,67,87,67,98,NULL,2),('195608161980031018','KD01','JBT02','2016-10-04',85,87,97,69,78,76,89,NULL,3),('195608161980031018','KD01','JBT02','2016-10-05',89,88,86,85,83,98,90,NULL,5),('195608161980031018','KD01','JBT02','2016-10-06',65,76,78,76,78,76,89,NULL,6),('195608161980031018','KD01','JBT02','2016-10-07',78,76,75,88,89,98,78,NULL,7),('195608161980031018','KD01','JBT02','2016-10-10',67,76,78,89,89,90,81,NULL,8),('195608161980031018','KD01','JBT02','2016-10-11',87,78,67,76,77,90,87,NULL,9),('195608161980031018','KD01','JBT02','2016-10-12',77,76,67,68,87,76,77,NULL,10),('195608161980031018','KD01','JBT02','2016-10-13',77,79,78,70,87,89,77,NULL,11),('195608161980031018','KD01','JBT02','2016-10-14',88,87,86,89,77,67,88,NULL,12),('195608161980031018','KD01','JBT02','2016-10-17',87,77,76,78,76,88,69,NULL,13),('195608161980031018','KD01','JBT02','2016-10-19',11,18,8,42,36,50,23,NULL,122),('195608161980031018','KD01','JBT02','2016-10-20',40,49,1,18,32,19,42,NULL,121),('195608161980031018','KD01','JBT02','2016-10-21',78,79,98,88,87,86,68,NULL,14),('195608161980031018','KD01','JBT02','2016-10-24',82,71,74,84,85,77,71,NULL,15),('195608161980031018','KD01','JBT02','2016-10-25',61,67,87,78,77,76,87,NULL,16),('195608161980031018','KD01','JBT02','2016-10-26',87,88,86,85,89,87,77,NULL,17),('195608161980031018','KD01','JBT02','2016-10-27',87,77,76,78,79,98,88,NULL,18),('195608161980031018','KD01','JBT02','2016-10-28',82,87,86,98,87,78,77,NULL,19),('195608161980031018','KD01','JBT02','2016-10-31',78,77,98,87,80,76,77,NULL,20),('195608161980031018','KD01','JBT02','2016-11-01',77,78,98,88,86,88,83,NULL,21),('195608161980031018','KD01','JBT02','2016-11-02',77,88,88,88,98,88,90,NULL,22),('195608161980031018','KD01','JBT02','2016-11-03',77,87,88,89,80,98,88,NULL,23),('195608161980031018','KD01','JBT02','2016-11-04',88,89,87,86,76,78,88,NULL,24),('195608161980031018','KD01','JBT02','2016-11-07',45,16,25,34,26,26,42,NULL,25),('195703011981032004','KD01','JBT06','2016-10-04',77,97,77,87,77,65,77,NULL,26),('195703011981032004','KD01','JBT06','2016-10-05',77,76,83,87,77,80,98,NULL,27),('195703011981032004','KD01','JBT06','2016-10-06',67,78,82,98,76,99,87,NULL,28),('195703011981032004','KD01','JBT06','2016-10-07',87,86,67,77,79,76,77,NULL,29),('195703011981032004','KD01','JBT06','2016-10-10',76,90,87,76,75,67,68,NULL,30),('195703011981032004','KD01','JBT06','2016-10-11',78,77,87,98,87,82,82,NULL,31),('195703011981032004','KD01','JBT06','2016-10-12',78,78,76,77,75,72,90,NULL,32),('195703011981032004','KD01','JBT06','2016-10-13',98,87,78,75,63,67,89,NULL,33),('195703011981032004','KD01','JBT06','2016-10-14',76,87,67,88,87,99,78,NULL,34),('195703011981032004','KD01','JBT06','2016-10-17',87,67,56,65,66,67,89,NULL,35),('195703011981032004','KD01','JBT06','2016-10-18',15,39,31,13,5,45,40,NULL,127),('195703011981032004','KD01','JBT06','2016-10-19',7,46,1,11,27,17,27,NULL,125),('195703011981032004','KD01','JBT06','2016-10-20',38,16,13,18,22,50,14,NULL,124),('195703011981032004','KD01','JBT06','2016-10-21',88,87,88,99,98,92,67,NULL,36),('195703011981032004','KD01','JBT06','2016-10-24',76,7,65,83,93,91,76,NULL,37),('195703011981032004','KD01','JBT06','2016-10-25',87,67,65,67,78,89,88,NULL,38),('195703011981032004','KD01','JBT06','2016-10-26',77,56,82,83,93,67,89,NULL,39),('195703011981032004','KD01','JBT06','2016-10-27',88,67,73,75,93,83,77,NULL,40),('195703011981032004','KD01','JBT06','2016-10-28',89,65,67,87,96,67,88,NULL,41),('195703011981032004','KD01','JBT06','2016-10-31',87,76,65,56,58,87,88,83,42),('195703011981032004','KD01','JBT06','2016-11-01',77,78,89,77,88,67,88,NULL,43),('195703011981032004','KD01','JBT06','2016-11-02',56,77,67,65,64,76,88,NULL,44),('195703011981032004','KD01','JBT06','2016-11-03',76,66,65,64,63,65,55,NULL,45),('195703011981032004','KD01','JBT06','2016-11-04',87,77,76,75,75,67,66,NULL,46),('195703011981032004','KD01','JBT06','2016-11-07',72,44,48,21,11,21,41,NULL,47),('195703011981032004','KD01','JBT06','2016-12-01',80,98,76,67,87,100,98,1,195),('195703011981032004','KD01','JBT06','2016-12-02',85,87,97,69,78,76,89,1,196),('195703011981032004','KD01','JBT06','2016-12-05',89,88,86,85,83,98,90,1,197),('195703011981032004','KD01','JBT06','2016-12-06',65,76,78,76,78,76,89,1,198),('195703011981032004','KD01','JBT06','2016-12-07',78,76,75,88,89,98,78,1,199),('195703011981032004','KD01','JBT06','2016-12-08',67,76,78,89,89,90,81,1,200),('195703011981032004','KD01','JBT06','2016-12-09',87,78,67,76,77,90,87,1,201),('195703011981032004','KD01','JBT06','2016-12-12',77,76,67,68,87,76,77,1,202),('195703011981032004','KD01','JBT06','2016-12-13',77,79,78,70,87,89,77,1,203),('195703011981032004','KD01','JBT06','2016-12-14',88,87,86,89,77,67,88,1,204),('195703011981032004','KD01','JBT06','2016-12-15',87,77,76,78,76,88,100,1,205),('195703011981032004','KD01','JBT06','2016-12-16',100,100,100,100,100,100,100,1,206),('195703011981032004','KD01','JBT06','2016-12-17',100,100,100,100,100,100,100,1,207),('195703011981032004','KD01','JBT06','2016-12-20',78,79,98,88,87,86,68,1,208),('195703011981032004','KD01','JBT06','2016-12-21',82,71,74,84,85,77,71,1,209),('195703011981032004','KD01','JBT06','2016-12-22',61,67,87,78,77,76,87,1,210),('195703011981032004','KD01','JBT06','2016-12-23',87,88,86,85,89,87,77,1,211),('195703011981032004','KD01','JBT06','2016-12-26',87,77,76,78,79,98,88,1,212),('195703011981032004','KD01','JBT06','2016-12-27',82,87,86,98,87,78,77,1,213),('195703011981032004','KD01','JBT06','2016-12-29',78,77,98,87,80,76,77,1,214),('195703011981032004','KD01','JBT06','2016-12-30',77,78,98,88,86,88,83,1,215),('195703251978031007','KD01','JBT09','2016-10-04',46,22,17,3,26,30,26,NULL,48),('195703251978031007','KD01','JBT09','2016-10-05',92,29,41,2,49,35,7,NULL,49),('195703251978031007','KD01','JBT09','2016-10-06',56,30,3,0,14,37,10,NULL,50),('195703251978031007','KD01','JBT09','2016-10-07',87,12,41,45,24,29,26,NULL,51),('195703251978031007','KD01','JBT09','2016-10-10',62,20,46,25,28,34,2,NULL,52),('195703251978031007','KD01','JBT09','2016-10-11',92,15,8,42,20,32,33,NULL,53),('195703251978031007','KD01','JBT09','2016-10-12',76,16,3,34,14,11,9,NULL,54),('195703251978031007','KD01','JBT09','2016-10-13',78,35,39,44,11,6,44,NULL,55),('195703251978031007','KD01','JBT09','2016-10-14',91,26,36,18,11,50,46,NULL,56),('195703251978031007','KD01','JBT09','2016-10-17',45,26,15,8,24,30,45,NULL,57),('195703251978031007','KD01','JBT09','2016-10-18',21,43,11,8,27,48,37,NULL,131),('195703251978031007','KD01','JBT09','2016-10-19',42,14,18,36,20,42,45,NULL,130),('195703251978031007','KD01','JBT09','2016-10-20',46,43,4,3,21,15,12,NULL,129),('195703251978031007','KD01','JBT09','2016-10-21',52,1,16,38,35,1,40,NULL,58),('195703251978031007','KD01','JBT09','2016-10-24',68,27,34,14,6,13,12,NULL,59),('195703251978031007','KD01','JBT09','2016-10-25',71,31,23,6,23,13,40,NULL,60),('195703251978031007','KD01','JBT09','2016-10-26',82,24,11,39,49,26,16,NULL,61),('195703251978031007','KD01','JBT09','2016-10-27',99,27,36,27,23,40,11,NULL,62),('195703251978031007','KD01','JBT09','2016-10-28',48,12,48,16,18,24,6,NULL,63),('195703251978031007','KD01','JBT09','2016-10-31',43,31,33,49,23,0,46,NULL,64),('195703251978031007','KD01','JBT09','2016-11-01',69,20,22,48,10,29,12,NULL,65),('195703251978031007','KD01','JBT09','2016-11-02',98,5,11,43,30,42,24,NULL,66),('195703251978031007','KD01','JBT09','2016-11-03',88,16,39,22,21,25,31,NULL,67),('195703251978031007','KD01','JBT09','2016-11-04',85,16,12,29,13,50,35,NULL,68),('195703251978031007','KD01','JBT09','2016-11-07',63,32,43,32,5,23,33,NULL,69),('195703251978031007','KD01','JBT09','2016-12-01',80,98,76,67,87,67,98,1,237),('195703251978031007','KD01','JBT09','2016-12-02',85,87,97,69,78,76,89,1,238),('195703251978031007','KD01','JBT09','2016-12-05',89,88,86,85,83,98,90,1,239),('195703251978031007','KD01','JBT09','2016-12-06',65,76,78,76,78,76,89,1,240),('195703251978031007','KD01','JBT09','2016-12-07',78,76,75,88,89,98,78,1,241),('195703251978031007','KD01','JBT09','2016-12-08',67,76,78,89,89,90,81,1,242),('195703251978031007','KD01','JBT09','2016-12-09',87,78,67,76,77,90,87,1,243),('195703251978031007','KD01','JBT09','2016-12-12',77,76,67,68,87,76,77,1,244),('195703251978031007','KD01','JBT09','2016-12-13',77,79,78,70,87,89,77,1,245),('195703251978031007','KD01','JBT09','2016-12-14',88,87,86,89,77,67,88,1,246),('195703251978031007','KD01','JBT09','2016-12-15',87,77,76,78,76,88,69,1,247),('195703251978031007','KD01','JBT09','2016-12-16',11,18,8,42,36,50,23,1,248),('195703251978031007','KD01','JBT09','2016-12-17',40,49,1,18,32,19,42,1,249),('195703251978031007','KD01','JBT09','2016-12-20',78,79,98,88,87,86,68,1,250),('195703251978031007','KD01','JBT09','2016-12-21',82,71,74,84,85,77,71,1,251),('195703251978031007','KD01','JBT09','2016-12-22',61,67,87,78,77,76,87,1,252),('195703251978031007','KD01','JBT09','2016-12-23',87,88,86,85,89,87,77,1,253),('195703251978031007','KD01','JBT09','2016-12-26',87,77,76,78,79,98,88,1,254),('195703251978031007','KD01','JBT09','2016-12-27',82,87,86,98,87,78,77,1,255),('195703251978031007','KD01','JBT09','2016-12-29',78,77,98,87,80,76,77,1,256),('195703251978031007','KD01','JBT09','2016-12-30',77,78,98,88,86,88,83,1,257),('195708101982012007','KD01','JBT12','2016-10-04',5,21,18,10,42,48,24,NULL,117),('195708101982012007','KD01','JBT12','2016-10-05',35,28,28,41,0,46,37,NULL,116),('195708101982012007','KD01','JBT12','2016-10-06',12,26,35,25,23,36,13,NULL,115),('195708101982012007','KD01','JBT12','2016-10-07',2,45,40,3,14,44,5,NULL,114),('195708101982012007','KD01','JBT12','2016-10-10',26,47,48,39,1,9,33,NULL,113),('195708101982012007','KD01','JBT12','2016-10-11',24,1,19,37,13,14,2,NULL,112),('195708101982012007','KD01','JBT12','2016-10-12',44,13,1,17,12,44,10,NULL,111),('195708101982012007','KD01','JBT12','2016-10-13',44,13,47,25,21,27,43,NULL,110),('195708101982012007','KD01','JBT12','2016-10-14',41,27,32,22,21,2,36,NULL,109),('195708101982012007','KD01','JBT12','2016-10-17',23,44,21,37,40,30,49,NULL,108),('195708101982012007','KD01','JBT12','2016-10-18',40,39,9,20,38,44,39,NULL,107),('195708101982012007','KD01','JBT12','2016-10-19',32,15,30,38,22,31,47,NULL,106),('195708101982012007','KD01','JBT12','2016-10-20',41,5,25,29,42,24,20,NULL,105),('195708101982012007','KD01','JBT12','2016-10-21',7,32,36,33,47,27,7,NULL,104),('195708101982012007','KD01','JBT12','2016-10-24',13,44,3,28,9,10,27,NULL,103),('195708101982012007','KD01','JBT12','2016-10-25',46,25,7,42,4,22,14,NULL,102),('195708101982012007','KD01','JBT12','2016-10-26',40,41,28,27,44,29,39,NULL,101),('195708101982012007','KD01','JBT12','2016-10-27',11,31,18,5,9,31,4,NULL,100),('195708101982012007','KD01','JBT12','2016-10-28',35,33,7,47,11,14,2,NULL,99),('195708101982012007','KD01','JBT12','2016-10-31',41,23,31,20,26,31,47,NULL,98),('195708101982012007','KD01','JBT12','2016-11-01',2,14,33,10,0,11,31,NULL,97),('195708101982012007','KD01','JBT12','2016-11-02',37,1,23,37,22,11,13,NULL,96),('195708101982012007','KD01','JBT12','2016-11-03',27,14,15,7,7,22,21,NULL,95),('195708101982012007','KD01','JBT12','2016-11-04',24,15,4,25,23,26,15,NULL,94),('195708101982012007','KD01','JBT12','2016-11-07',38,35,28,1,41,17,14,NULL,93),('195711141981031006','KD01','JBT15','2016-10-04',60,13,29,21,34,15,8,NULL,70),('195711141981031006','KD01','JBT15','2016-10-05',16,19,17,11,7,8,43,NULL,71),('195711141981031006','KD01','JBT15','2016-10-06',74,3,46,42,32,45,39,NULL,72),('195711141981031006','KD01','JBT15','2016-10-07',37,11,30,24,40,1,19,NULL,73),('195711141981031006','KD01','JBT15','2016-10-10',65,46,14,47,2,18,25,NULL,74),('195711141981031006','KD01','JBT15','2016-10-11',56,46,28,11,39,37,18,NULL,75),('195711141981031006','KD01','JBT15','2016-10-12',86,43,47,14,40,33,15,NULL,76),('195711141981031006','KD01','JBT15','2016-10-13',81,28,1,37,34,5,22,NULL,77),('195711141981031006','KD01','JBT15','2016-10-14',49,8,17,44,1,25,14,NULL,78),('195711141981031006','KD01','JBT15','2016-10-17',31,7,29,6,3,9,3,NULL,79),('195711141981031006','KD01','JBT15','2016-10-18',38,43,3,1,6,26,38,NULL,120),('195711141981031006','KD01','JBT15','2016-10-19',29,25,31,14,22,16,10,NULL,119),('195711141981031006','KD01','JBT15','2016-10-20',31,47,47,15,43,1,38,NULL,118),('195711141981031006','KD01','JBT15','2016-10-21',55,10,47,2,12,19,24,NULL,80),('195711141981031006','KD01','JBT15','2016-10-24',74,28,46,39,2,21,10,NULL,81),('195711141981031006','KD01','JBT15','2016-10-25',89,12,41,38,22,47,27,NULL,82),('195711141981031006','KD01','JBT15','2016-10-26',98,24,17,25,6,20,7,NULL,83),('195711141981031006','KD01','JBT15','2016-10-27',49,34,9,10,12,11,5,NULL,84),('195711141981031006','KD01','JBT15','2016-10-28',67,48,47,27,41,46,5,NULL,85),('195711141981031006','KD01','JBT15','2016-10-31',66,38,8,4,18,44,8,NULL,86),('195711141981031006','KD01','JBT15','2016-11-01',26,47,50,39,21,33,26,NULL,87),('195711141981031006','KD01','JBT15','2016-11-02',87,22,23,32,48,33,7,NULL,88),('195711141981031006','KD01','JBT15','2016-11-03',67,18,18,44,27,16,5,NULL,89),('195711141981031006','KD01','JBT15','2016-11-04',52,22,21,24,40,31,4,NULL,90),('195711141981031006','KD01','JBT15','2016-11-07',57,8,49,40,19,7,7,NULL,91);

/*Table structure for table `position_tbl` */

DROP TABLE IF EXISTS `position_tbl`;

CREATE TABLE `position_tbl` (
  `kd_skpd` varchar(50) NOT NULL,
  `kd_position` varchar(50) NOT NULL,
  `nama` varchar(100) DEFAULT NULL,
  `parent_position` varchar(50) DEFAULT NULL,
  `qversion` int(11) DEFAULT NULL,
  `qid` int(11) NOT NULL AUTO_INCREMENT,
  PRIMARY KEY (`kd_skpd`,`kd_position`),
  UNIQUE KEY `position_ix1` (`qid`)
) ENGINE=InnoDB AUTO_INCREMENT=60 DEFAULT CHARSET=latin1;

/*Data for the table `position_tbl` */

insert  into `position_tbl`(`kd_skpd`,`kd_position`,`nama`,`parent_position`,`qversion`,`qid`) values ('KD01','JBT01','Kepala Badan','*',NULL,1),('KD01','JBT02','Sekretariat','JBT01',NULL,4),('KD01','JBT03','KASUBAG. Perencanaan, Evaluasi dan Pelaporan','JBT02',NULL,44),('KD01','JBT04','KASUBAG. Keuangan','JBT02',NULL,45),('KD01','JBT05','KASUBAG. Umum dan Kepegawaian','JBT02',NULL,46),('KD01','JBT06','KABID. Ekonomi Keuangan','JBT01',NULL,47),('KD01','JBT07','KASUBID. Ekonomi','JBT06',NULL,48),('KD01','JBT08','KASUBID. Keuangan','JBT06',NULL,49),('KD01','JBT09','KABID. Sumber Daya Alam dan Lingkungan Hidup','JBT01',NULL,50),('KD01','JBT10','KASUBID. Sumber Daya Alam','JBT09',NULL,52),('KD01','JBT11','KASUBID. Lingkungan Hidup','JBT09',NULL,53),('KD01','JBT12','KABID. Pemerintahan, Kependudukan dan Sosial Budaya','JBT01',NULL,54),('KD01','JBT13','KASUBID. Pemerintahan dan Kependudukan','JBT12',NULL,55),('KD01','JBT14','KASUBID. Sosial Budaya','JBT12',NULL,56),('KD01','JBT15','KABID. Pengkajian dan Pengembangan IPTEK','JBT01',NULL,57),('KD01','JBT16','KASUBID. Pengkajian IPTEK','JBT15',NULL,58),('KD01','JBT17','KASUBID. Pengembangan IPTEK','JBT15',NULL,59);

/*Table structure for table `provinsi` */

DROP TABLE IF EXISTS `provinsi`;

CREATE TABLE `provinsi` (
  `prov_id` int(11) NOT NULL AUTO_INCREMENT,
  `prov_nama` varchar(200) NOT NULL,
  PRIMARY KEY (`prov_id`)
) ENGINE=InnoDB DEFAULT CHARSET=latin1;

/*Data for the table `provinsi` */

/*Table structure for table `public_preferences` */

DROP TABLE IF EXISTS `public_preferences`;

CREATE TABLE `public_preferences` (
  `id` int(1) NOT NULL AUTO_INCREMENT,
  `transition_page` tinyint(1) NOT NULL DEFAULT '0',
  PRIMARY KEY (`id`)
) ENGINE=InnoDB AUTO_INCREMENT=2 DEFAULT CHARSET=utf8;

/*Data for the table `public_preferences` */

insert  into `public_preferences`(`id`,`transition_page`) values (1,0);

/*Table structure for table `report_collection_tbl` */

DROP TABLE IF EXISTS `report_collection_tbl`;

CREATE TABLE `report_collection_tbl` (
  `report_id` int(11) NOT NULL,
  `report_name` varchar(100) DEFAULT NULL,
  `report_link` varchar(2000) DEFAULT NULL,
  `qversion` int(11) DEFAULT NULL,
  `qid` int(11) NOT NULL AUTO_INCREMENT,
  PRIMARY KEY (`report_id`),
  UNIQUE KEY `report_ix1` (`qid`)
) ENGINE=InnoDB AUTO_INCREMENT=2 DEFAULT CHARSET=latin1;

/*Data for the table `report_collection_tbl` */

insert  into `report_collection_tbl`(`report_id`,`report_name`,`report_link`,`qversion`,`qid`) values (1,'Rekap Absen Bulanan','member/report_collection/rekap_absen_bulanan',1,1);

/*Table structure for table `riwayat_hukuman_tbl` */

DROP TABLE IF EXISTS `riwayat_hukuman_tbl`;

CREATE TABLE `riwayat_hukuman_tbl` (
  `nip` varchar(50) NOT NULL,
  `seq_no` int(11) NOT NULL,
  `hukuman` varchar(50) DEFAULT NULL,
  `uraian_hukuman` varchar(50) DEFAULT NULL,
  `no_surat_kerja` varchar(50) DEFAULT NULL,
  `tgl_surat_kerja` date DEFAULT NULL,
  `pejabat` varchar(50) DEFAULT NULL,
  `qversion` int(11) NOT NULL,
  `qid` int(11) NOT NULL AUTO_INCREMENT,
  PRIMARY KEY (`nip`,`seq_no`),
  UNIQUE KEY `riwayat_hukuman_ix1` (`qid`)
) ENGINE=InnoDB AUTO_INCREMENT=2 DEFAULT CHARSET=latin1;

/*Data for the table `riwayat_hukuman_tbl` */

insert  into `riwayat_hukuman_tbl`(`nip`,`seq_no`,`hukuman`,`uraian_hukuman`,`no_surat_kerja`,`tgl_surat_kerja`,`pejabat`,`qversion`,`qid`) values ('195703011981032004',1,'Peringatan Tertulis','teguran lisan','','2016-01-20','',0,1);

/*Table structure for table `riwayat_jabatan_tbl` */

DROP TABLE IF EXISTS `riwayat_jabatan_tbl`;

CREATE TABLE `riwayat_jabatan_tbl` (
  `nip` varchar(50) NOT NULL,
  `seq_no` int(11) NOT NULL,
  `valid_from` date NOT NULL,
  `valid_to` date DEFAULT NULL,
  `kd_skpd` varchar(50) DEFAULT NULL,
  `jenis_jabatan` varchar(50) DEFAULT NULL,
  `position` varchar(50) DEFAULT NULL,
  `esselon` varchar(50) DEFAULT NULL,
  `no_sk` varchar(50) DEFAULT NULL,
  `tgl_sk` date DEFAULT NULL,
  `valid_jabatan` varchar(1) DEFAULT NULL,
  `qversion` int(11) NOT NULL,
  `qid` int(11) NOT NULL AUTO_INCREMENT,
  PRIMARY KEY (`nip`,`seq_no`,`valid_from`),
  UNIQUE KEY `riwayat_jabatan_ix1` (`qid`)
) ENGINE=InnoDB AUTO_INCREMENT=19 DEFAULT CHARSET=latin1;

/*Data for the table `riwayat_jabatan_tbl` */

insert  into `riwayat_jabatan_tbl`(`nip`,`seq_no`,`valid_from`,`valid_to`,`kd_skpd`,`jenis_jabatan`,`position`,`esselon`,`no_sk`,`tgl_sk`,`valid_jabatan`,`qversion`,`qid`) values ('195510181980102001 ',1,'0000-00-00',NULL,'KD01',NULL,'JBT01','','','0000-00-00','Y',0,1),('195612311986022013',1,'0000-00-00',NULL,'KD01',NULL,'JBT03','','','0000-00-00','Y',0,5),('195612311987031107',1,'0000-00-00',NULL,'KD01',NULL,'JBT04','','','0000-00-00','Y',0,4),('195701161986102001',1,'0000-00-00',NULL,'KD01',NULL,'JBT05','','','0000-00-00','Y',0,6),('195703011981032004',1,'0000-00-00',NULL,'KD01',NULL,'JBT06','','','0000-00-00','Y',0,7),('195703151986102002',1,'0000-00-00',NULL,'KD01',NULL,'JBT07','','','0000-00-00','Y',0,8),('195703231982032009',1,'0000-00-00',NULL,'KD01',NULL,'JBT08','','','0000-00-00','Y',0,9),('195703251978031007',1,'0000-00-00',NULL,'KD01',NULL,'JBT09','','','0000-00-00','Y',0,10),('195706171977021001',1,'0000-00-00',NULL,'KD01',NULL,'JBT10','','','0000-00-00','Y',0,11),('195707031988032002',1,'0000-00-00',NULL,'KD01',NULL,'JBT11','','','0000-00-00','Y',0,12),('195708101982012007',1,'0000-00-00',NULL,'KD01',NULL,'JBT12','','','0000-00-00','Y',0,13),('195708281986102001',1,'0000-00-00',NULL,'KD01',NULL,'JBT13','','','0000-00-00','Y',0,14),('195710021987031004',1,'0000-00-00',NULL,'KD01',NULL,'JBT14','','','0000-00-00','Y',0,15),('195711141981031006',1,'0000-00-00',NULL,'KD01',NULL,'JBT15','','','0000-00-00','Y',0,16),('195711151986101003',1,'0000-00-00',NULL,'KD01',NULL,'JBT16','','','0000-00-00','Y',0,17),('195712311979011017',1,'0000-00-00',NULL,'KD01',NULL,'JBT17','','','0000-00-00','Y',0,18),('196003221989031005',1,'0000-00-00',NULL,'KD01',NULL,'JBT06','','','0000-00-00','Y',0,3),('197003191997021001',1,'2015-01-01',NULL,'KD01',NULL,'JBT15','','','2015-01-01','Y',0,2);

/*Table structure for table `riwayat_kepangkatan_tbl` */

DROP TABLE IF EXISTS `riwayat_kepangkatan_tbl`;

CREATE TABLE `riwayat_kepangkatan_tbl` (
  `nip` varchar(50) NOT NULL,
  `seq_no` int(11) NOT NULL,
  `golongan` varchar(50) DEFAULT NULL,
  `tmt_pangkat` date DEFAULT NULL,
  `no_surat_kerja` varchar(50) DEFAULT NULL,
  `tgl_surat_kerja` date DEFAULT NULL,
  `mk_bulan` int(11) DEFAULT NULL,
  `mk_tahun` int(11) DEFAULT NULL,
  `qversion` int(11) NOT NULL,
  `qid` int(11) NOT NULL AUTO_INCREMENT,
  PRIMARY KEY (`nip`,`seq_no`),
  UNIQUE KEY `riwayat_kepangkatan_ix1` (`qid`)
) ENGINE=InnoDB AUTO_INCREMENT=18 DEFAULT CHARSET=latin1;

/*Data for the table `riwayat_kepangkatan_tbl` */

insert  into `riwayat_kepangkatan_tbl`(`nip`,`seq_no`,`golongan`,`tmt_pangkat`,`no_surat_kerja`,`tgl_surat_kerja`,`mk_bulan`,`mk_tahun`,`qversion`,`qid`) values ('195510181980102001',1,'gol_4a','2016-01-01','1','2016-01-01',1,20,0,1),('195608161980031018 ',1,'gol_4a','2016-01-01','1','2016-01-01',1,20,0,2),('195612311986022013 ',1,'gol_4a','2016-01-01','1','2016-01-01',1,20,0,3),('195612311987031107 ',1,'gol_4a','2016-01-01','1','2016-01-01',1,20,0,4),('195701161986102001 ',1,'gol_4a','2016-01-01','1','2016-01-01',1,20,0,5),('195703011981032004 ',1,'gol_4a','2016-01-01','1','2016-01-01',1,20,0,6),('195703151986102002 ',1,'gol_4a','2016-01-01','1','2016-01-01',1,20,0,7),('195703231982032009 ',1,'gol_4a','2016-01-01','1','2016-01-01',1,20,0,8),('195703251978031007 ',1,'gol_4a','2016-01-01','1','2016-01-01',1,20,0,9),('195706171977021001 ',1,'gol_4a','2016-01-01','1','2016-01-01',1,20,0,10),('195707031988032002',1,'gol_4a','2016-01-01','1','2016-01-01',1,20,0,11),('195708101982012007',1,'gol_4a','2016-01-01','1','2016-01-01',1,20,0,12),('195708281986102001',1,'gol_4a','2016-01-01','1','2016-01-01',1,20,0,13),('195710021987031004',1,'gol_4a','2016-01-01','1','2016-01-01',1,20,0,14),('195711141981031006',1,'gol_4a','2016-01-01','1','2016-01-01',1,20,0,15),('195711151986101003',1,'gol_4a','2016-01-01','1','2016-01-01',1,20,0,16),('195712311979011017',1,'gol_4a','2016-01-01','1','2016-01-01',1,20,0,17);

/*Table structure for table `riwayat_kursus_tbl` */

DROP TABLE IF EXISTS `riwayat_kursus_tbl`;

CREATE TABLE `riwayat_kursus_tbl` (
  `nip` varchar(50) NOT NULL,
  `seq_no` int(11) NOT NULL,
  `nama_kursus` varchar(50) DEFAULT NULL,
  `tempat_kursus` varchar(50) DEFAULT NULL,
  `nama_penyelenggara` varchar(50) DEFAULT NULL,
  `angkatan` int(11) DEFAULT NULL,
  `valid_from` date DEFAULT NULL,
  `valid_to` date DEFAULT NULL,
  `jml_jam` int(11) DEFAULT NULL,
  `no_sertifikat` varchar(50) DEFAULT NULL,
  `tgl_sertifikat` varchar(50) DEFAULT NULL,
  `qversion` int(11) NOT NULL,
  `qid` int(11) NOT NULL AUTO_INCREMENT,
  PRIMARY KEY (`nip`,`seq_no`),
  UNIQUE KEY `riwayat_kurus_ix1` (`qid`)
) ENGINE=InnoDB DEFAULT CHARSET=latin1;

/*Data for the table `riwayat_kursus_tbl` */

/*Table structure for table `riwayat_pendidikan_tbl` */

DROP TABLE IF EXISTS `riwayat_pendidikan_tbl`;

CREATE TABLE `riwayat_pendidikan_tbl` (
  `nip` varchar(50) NOT NULL,
  `seq_no` int(11) NOT NULL,
  `jenis_pendidikan` varchar(1) NOT NULL,
  `jurusan` varchar(50) DEFAULT NULL,
  `nama_sekolah` varchar(50) DEFAULT NULL,
  `kepala_sekolah` varchar(50) DEFAULT NULL,
  `no_ijazah` varchar(50) DEFAULT NULL,
  `tahun_ijazah` int(11) DEFAULT NULL,
  `qversion` int(11) DEFAULT NULL,
  `qid` int(11) NOT NULL AUTO_INCREMENT,
  PRIMARY KEY (`nip`,`seq_no`),
  UNIQUE KEY `riwayat_pendidikan_ix1` (`qid`)
) ENGINE=InnoDB AUTO_INCREMENT=13 DEFAULT CHARSET=latin1;

/*Data for the table `riwayat_pendidikan_tbl` */

insert  into `riwayat_pendidikan_tbl`(`nip`,`seq_no`,`jenis_pendidikan`,`jurusan`,`nama_sekolah`,`kepala_sekolah`,`no_ijazah`,`tahun_ijazah`,`qversion`,`qid`) values ('195703011981032004',1,'5',NULL,'Universitas Haluoleo','','',2006,NULL,12),('196704181994031006',1,'2',NULL,'SD Mandonga','Monggakasi','',1980,NULL,9),('196704181994031006',2,'3',NULL,'SMP III Wua-wua','Machmud Indjil, B.Sc','',1983,NULL,10),('196704181994031006',3,'4',NULL,'SMA Andonohu','Drs. Rayen Ibrahim','',1987,NULL,11),('197003191997021001',1,'2',NULL,'SDN 10 Kendari','H. La Ode Takimu','XXIII OA da 000526',1983,NULL,1),('197003191997021001',2,'3',NULL,'SMPN 2 Kendari','Mahmud Injil, B.Sc','OB ob 0155380',1986,NULL,2),('197003191997021001',3,'4',NULL,'SMAN 2 Raha','Drs. Lampasa','23 oc oh 0421342',1990,NULL,7),('197003191997021001',4,'5',NULL,'Universitas Haluoleo','Prof. DR. Ir. H. Soleh Solahuddin, M.Sc','5185/pt.42/s1/1995',1995,NULL,8);

/*Table structure for table `riwayat_penghargaan_tbl` */

DROP TABLE IF EXISTS `riwayat_penghargaan_tbl`;

CREATE TABLE `riwayat_penghargaan_tbl` (
  `nip` varchar(50) NOT NULL,
  `seq_no` int(11) NOT NULL,
  `penghargaan` varchar(50) DEFAULT NULL,
  `no_surat_kerja` varchar(50) DEFAULT NULL,
  `tgl_surat_kerja` date DEFAULT NULL,
  `tahun` int(11) DEFAULT NULL,
  `qversion` int(11) NOT NULL,
  `qid` int(11) NOT NULL AUTO_INCREMENT,
  PRIMARY KEY (`nip`,`seq_no`),
  UNIQUE KEY `riwayat_penghargaan_ix1` (`qid`)
) ENGINE=InnoDB AUTO_INCREMENT=2 DEFAULT CHARSET=latin1;

/*Data for the table `riwayat_penghargaan_tbl` */

insert  into `riwayat_penghargaan_tbl`(`nip`,`seq_no`,`penghargaan`,`no_surat_kerja`,`tgl_surat_kerja`,`tahun`,`qversion`,`qid`) values ('195703011981032004',1,'Pegawai Terbaik','','2016-04-29',2004,0,1);

/*Table structure for table `riwayat_tugas_luar_negeri_tbl` */

DROP TABLE IF EXISTS `riwayat_tugas_luar_negeri_tbl`;

CREATE TABLE `riwayat_tugas_luar_negeri_tbl` (
  `nip` varchar(50) NOT NULL,
  `seq_no` int(11) NOT NULL,
  `tujuan` varchar(50) DEFAULT NULL,
  `jenis_tugas` varchar(50) DEFAULT NULL,
  `valid_from` date DEFAULT NULL,
  `valid_to` date DEFAULT NULL,
  `no_surat_kerja` varchar(50) DEFAULT NULL,
  `tgl_surat_kerja` date DEFAULT NULL,
  `pejabat` varchar(50) DEFAULT NULL,
  `qversion` int(11) NOT NULL,
  `qid` int(11) NOT NULL AUTO_INCREMENT,
  PRIMARY KEY (`nip`,`seq_no`),
  UNIQUE KEY `riwayat_tugas_luar_ix1` (`qid`)
) ENGINE=InnoDB DEFAULT CHARSET=latin1;

/*Data for the table `riwayat_tugas_luar_negeri_tbl` */

/*Table structure for table `skpd_tbl` */

DROP TABLE IF EXISTS `skpd_tbl`;

CREATE TABLE `skpd_tbl` (
  `kd_skpd` varchar(50) NOT NULL,
  `nama` varchar(50) DEFAULT NULL,
  `qversion` int(11) DEFAULT NULL,
  `qid` int(11) NOT NULL AUTO_INCREMENT,
  PRIMARY KEY (`kd_skpd`),
  UNIQUE KEY `skpd_ix1` (`qid`)
) ENGINE=InnoDB AUTO_INCREMENT=2 DEFAULT CHARSET=latin1;

/*Data for the table `skpd_tbl` */

insert  into `skpd_tbl`(`kd_skpd`,`nama`,`qversion`,`qid`) values ('KD01','Badan Perencanaan dan Pengembangan',NULL,1);

/*Table structure for table `table_pola` */

DROP TABLE IF EXISTS `table_pola`;

CREATE TABLE `table_pola` (
  `nip` varchar(20) NOT NULL,
  `date` date NOT NULL,
  `time` time NOT NULL,
  `nilai` int(11) NOT NULL,
  `pic` varchar(100) NOT NULL
) ENGINE=InnoDB DEFAULT CHARSET=latin1;

/*Data for the table `table_pola` */

insert  into `table_pola`(`nip`,`date`,`time`,`nilai`,`pic`) values ('195703251978031007','2016-11-25','07:33:53',1,'84623');

/*Table structure for table `tupoksi_tbl` */

DROP TABLE IF EXISTS `tupoksi_tbl`;

CREATE TABLE `tupoksi_tbl` (
  `kd_skpd` varchar(50) NOT NULL,
  `kd_position` varchar(50) NOT NULL,
  `id_tupoksi` varchar(50) NOT NULL,
  `tupoksi` varchar(2000) DEFAULT NULL,
  `tahun` int(11) DEFAULT NULL,
  `aktif` int(11) DEFAULT NULL,
  `qversion` int(11) DEFAULT NULL,
  `qid` int(11) unsigned NOT NULL AUTO_INCREMENT,
  PRIMARY KEY (`id_tupoksi`,`kd_skpd`,`kd_position`),
  UNIQUE KEY `tupoksi_ix1` (`qid`)
) ENGINE=InnoDB AUTO_INCREMENT=19 DEFAULT CHARSET=latin1;

/*Data for the table `tupoksi_tbl` */

insert  into `tupoksi_tbl`(`kd_skpd`,`kd_position`,`id_tupoksi`,`tupoksi`,`tahun`,`aktif`,`qversion`,`qid`) values ('KD01','JBT01','001','Memimpin, mengkoordinasikan pelaksanaan urusan pemerintahan Bidang Penelitian dan pengembangan dan membina hubungan kerja dengan instansi pemerintah, swasta serta lembaga masyarakat',2016,NULL,NULL,1),('KD01','JBT03','001','Melaksanakan koordinasi perencanaan, pelaksanaan, pengawasan, monitoring, evaluasi dan pelaporan program kegiatan, penyusunan dan pengembangan Standar Pelayanan Minimal (SPM), pembinaan administrasi, ketatalaksanaan, kerumahtanggaan, kepegawaian, keuangan, perlengkapan, pemberian pelayanan administratif kepada Kepala dan semua unsur di Lingkungan Badan peneliatian dan Pengembangan dan pelaksanaan tugas-tugas pimpinan pada saat Kepala berhalangan.',2016,NULL,NULL,3),('KD01','JBT04','001','Melaksanakan koordinasi perencanaan, pelaksanaan, pengawasan, monitoring, evaluasi dan pelaporan program kegiatan, penyusunan dan pengembangan Standar Pelayanan Minimal (SPM), pembinaan administrasi, ketatalaksanaan, kerumahtanggaan, kepegawaian, keuangan, perlengkapan, pemberian pelayanan administratif kepada Kepala dan semua unsur di Lingkungan Badan peneliatian dan Pengembangan dan pelaksanaan tugas-tugas pimpinan pada saat Kepala berhalangan',2016,NULL,NULL,4),('KD01','JBT05','001','Melaksanakan koordinasi perencanaan, pelaksanaan, pengawasan, monitoring, evaluasi dan pelaporan program kegiatan, penyusunan dan pengembangan Standar Pelayanan Minimal (SPM), pembinaan administrasi, ketatalaksanaan, kerumahtanggaan, kepegawaian, keuangan, perlengkapan, pemberian pelayanan administratif kepada Kepala dan semua unsur di Lingkungan Badan peneliatian dan Pengembangan dan pelaksanaan tugas-tugas pimpinan pada saat Kepala berhalangan',2016,NULL,NULL,6),('KD01','JBT06','001','Melaksanakan penelitian dan pengembangan di bidang Ekonomi dan Keuangan',2016,NULL,NULL,5),('KD01','JBT07','001','Melaksanakan penelitian dan pengembangan di bidang Ekonomi',2016,NULL,NULL,8),('KD01','JBT08','001','Melaksanakan penelitian dan pengembangan di bidang Keuangan',2016,NULL,NULL,9),('KD01','JBT09','001','Melaksanakan penelitian dan pengembangan dibidang sumber daya alam dan fisik',2016,NULL,NULL,10),('KD01','JBT10','001','Melaksanakan penelitian dan pengembangan dibidang sumber daya alam',2016,NULL,NULL,11),('KD01','JBT11','001','Melaksanakan penelitian dan pengembangan dibidang lingkungan hidup',2016,NULL,NULL,12),('KD01','JBT12','001','Melaksanakan penelitian dan pengembangan dibidang pemerintahan, kependudukan, dan sosial budaya',2016,NULL,NULL,13),('KD01','JBT13','001','Melaksanakan penelitian dan pengembangan dibidang Pemerintahan dan Kependudukan',2016,NULL,NULL,14),('KD01','JBT14','001','Melaksanakan penelitian dan pengembangan dibidang sosial budaya',2016,NULL,NULL,15),('KD01','JBT15','001','Bidang Pengkajian dan Pengembangan IPTEK mempunyai tugas melaksanakan pengkajian dan pengembangan di Bidang Ilmu Pengetahuan dan Teknologi',2016,NULL,NULL,16),('KD01','JBT16','001','Melaksanakan pengkajian di Bidang Ilmu Pengetahuan dan Teknologi',2016,NULL,NULL,17),('KD01','JBT17','001','mempunyai tugas melaksanakan pengembangan di Bidang Ilmu Pengetahuan dan Teknologi',2016,NULL,NULL,18),('KD01','JBT02','002','Melaksanakan koordinasi perencanaan, pelaksanaan, pengawasan, monitoring, evaluasi dan pelaporan program kegiatan, penyusunan dan pengembangan Standar Pelayanan Minimal (SPM), pembinaan administrasi, ketatalaksanaan, kerumahtanggaan, kepegawaian, keuangan, perlengkapan, pemberian pelayanan administratif kepada Kepala dan semua unsur di Lingkungan Badan peneliatian dan Pengembangan dan pelaksanaan tugas-tugas pimpinan pada saat Kepala berhalangan.',2016,NULL,NULL,2);

/*Table structure for table `uraian_tupoksi_tbl` */

DROP TABLE IF EXISTS `uraian_tupoksi_tbl`;

CREATE TABLE `uraian_tupoksi_tbl` (
  `kd_skpd` varchar(50) NOT NULL,
  `kd_position` varchar(50) NOT NULL,
  `id_tupoksi` varchar(50) NOT NULL,
  `id_uraian` varchar(50) NOT NULL,
  `uraian_tupoksi` varchar(2000) DEFAULT NULL,
  `jenis_tupoksi` varchar(50) DEFAULT NULL,
  `aktif` varchar(1) DEFAULT NULL,
  `qversion` int(11) NOT NULL,
  `qid` int(11) NOT NULL AUTO_INCREMENT,
  PRIMARY KEY (`id_uraian`,`id_tupoksi`,`kd_skpd`,`kd_position`),
  UNIQUE KEY `uraian_tupoksi_ix1` (`qid`)
) ENGINE=InnoDB AUTO_INCREMENT=90 DEFAULT CHARSET=latin1;

/*Data for the table `uraian_tupoksi_tbl` */

insert  into `uraian_tupoksi_tbl`(`kd_skpd`,`kd_position`,`id_tupoksi`,`id_uraian`,`uraian_tupoksi`,`jenis_tupoksi`,`aktif`,`qversion`,`qid`) values ('KD01','JBT03','001','001','mengkoordinasikan penyusunan perencanaan program dan anggaran serta pengawasan,monitoring,evaluasi dan pelaporan pelaksanaan program kegiatan, pengembangan standard pelayanan minimal (SPM)','pokok','Y',0,10),('KD01','JBT04','001','001','Melakukan pengelolaan administrasi, akuntansi, perbendaharaan, verifikasi dan pelaporan keuangan','pokok','Y',0,12),('KD01','JBT05','001','001','Melakukan urusan ketatausahaan, kerumahtanggaan, administrasi umum dan kepegawaian serta inventarisasi dan pengelolaan perlengkapan dan asset kantor.','pokok','Y',0,13),('KD01','JBT06','001','001','Pengumpulan dan penyiapan bahan perumusan kebijakan dan penyusunan program penelitian dan pengembangan di bidang Ekonomi dan Keuangan','pokok','Y',0,14),('KD01','JBT07','001','001','Mengumpulkan dan menyiapkan bahan penelitian dan pengembangan di Bidang Ekonomi','pokok','Y',0,20),('KD01','JBT08','001','001','Mengumpulkan dan menyiapkan bahan penelitian dan pengembangan di Bidang Keuangan','pokok','Y',0,26),('KD01','JBT09','001','001','Pengumpulan dan penyiapan bahan perumusan kebijakan dan penyusunan program penelitian dan pengembangan dibidang Sumber Daya Alam dan Lingkungan Hidup','pokok','Y',0,34),('KD01','JBT10','001','001','Mengumpulkan dan menyiapkan bahan penelitian dan survey potensi sumber alam yang terkandung di darat, laut dan udara','pokok','Y',0,40),('KD01','JBT11','001','001','Mengumpulkan dan menyiapkan bahan penelitian dan pengembangan dibidang Lingkungan Hidup','pokok','Y',0,46),('KD01','JBT12','001','001','Pengumpulan dan penyiapan bahan perumusan kebijakan dan penyusunan program penelitian dan pengembangan dibidang Pemerintahan, Kependudukan dan Sosial Budaya','pokok','Y',0,51),('KD01','JBT13','001','001','Mengumpulkan dan menyiapkan bahan penelitian dan pengembangan dibidang Pemerintahan dan Kependudukan','pokok','Y',0,57),('KD01','JBT14','001','001','Mengumpulkan dan menyiapkan bahan penelitian dan pengembangan dibidang Sosial Budaya','pokok','Y',0,63),('KD01','JBT15','001','001','Pengumpulan dan penyiapan bahan perumusan kebijakan dan penyusunan program penelitian dan pengembangan dibidang Bidang pengkajian dan Pengembangan IPTEK','pokok','Y',0,69),('KD01','JBT16','001','001','Mengumpulkan dan menyiapkan bahan Pengkajian IPTEK','pokok','Y',0,76),('KD01','JBT17','001','001','Mengumpulkan dan menyiapkan bahan Pengembangan di pengembangan IPTEK','pokok','Y',0,82),('KD01','JBT02','002','001','Melaksankan koordinasi penyusunan perencanaan, pelaksanaan, pengawasan, monitoring, evaluasi dan pelaporan pelaksanaan program kegiatan.','pokok','Y',0,1),('KD01','JBT06','001','002','Pelaksanaan kegiatan penelitian di bidang Ekonomi dan Keuangan','pokok','Y',0,15),('KD01','JBT07','001','002','Menyiapkan data untuk keperluan pembinaan penelitian dan pengembangan di Bidang ekonomi','pokok','Y',0,21),('KD01','JBT08','001','002','Menyiapkan data untuk keperluan pembinaan penelitian dan pengembangan di Bidang Keuangan','pokok','Y',0,27),('KD01','JBT09','001','002','Pelaksanaan kegiatan penelitian dibidang Sumber Daya Alam dan Lingkungan Hidup','pokok','Y',0,35),('KD01','JBT10','001','002','Menyiapkan data untuk keperluan pembinaan penelitian dan pengembangan sumber alam yang terkandung di darat, laut dan udara','pokok','Y',0,41),('KD01','JBT11','001','002','Menyiapkan data untuk keperluan pembinaan penelitian dan pengembangan dibidang Lingkungan Hidup','pokok','Y',0,47),('KD01','JBT12','001','002','Pelaksanaan kegiatan penelitian dibidang Pemerintahan, Kependudukan dan Sosial Budaya','pokok','Y',0,52),('KD01','JBT13','001','002','Menyiapkan data untuk keperluan pembinaan penelitian dan pengembangan dibidang Pemerintahan dan Kependudukan','pokok','Y',0,58),('KD01','JBT14','001','002','Menyiapkan data untuk keperluan pembinaan penelitian dan pengembangan dibidang Sosial Budaya','pokok','Y',0,64),('KD01','JBT15','001','002','Pelaksanaan kegiatan penelitian/pengkajian dan pengembangan Bidang pengkajian dan Pengembangan IPTEK','pokok','Y',0,70),('KD01','JBT16','001','002','Menyiapkan data untuk keperluan pembinaan Pengkajian IPTEK','pokok','Y',0,77),('KD01','JBT17','001','002','Menyiapkan data untuk keperluan pembinaan dan pengembangan dibidang pengembangan  IPTEK','pokok','Y',0,83),('KD01','JBT02','002','002','Pengembangan Standar Pelayanan Minimum (SPM)','pokok','Y',0,2),('KD01','JBT06','001','003','Pelaksanaan Sosialisasi hasil-hasil penelitian dalam peningkatan bidang Ekonomi dan Keuangan','pokok','Y',0,16),('KD01','JBT07','001','003','Melaksanakan koordinasi dan kerjasama kegiatan penelitian dengan instansi terkait di Bidang ekonomi','pokok','Y',0,22),('KD01','JBT08','001','003','Melaksanakan koordinasi dan kerjasama kegiatan penelitian dengan instansi terkait dibidang Keuangan','pokok','Y',0,28),('KD01','JBT09','001','003','Pelaksanaan Sosialisasi hasil-hasil penelitian dalam peningkatan bidang Sumber Daya Alam dan Lingkungan Hidup','pokok','Y',0,36),('KD01','JBT10','001','003','Melaksanakan koordinasi dan kerjasama kegiatan penelitian dengan instansi terkait','pokok','Y',0,42),('KD01','JBT11','001','003','Melaksanakan koordinasi dan kerjasama kegiatan penelitian dibibang Lingkungan Hidup dengan instansi terkait','pokok','Y',0,48),('KD01','JBT12','001','003','Pelaksanaan Sosialisasi hasil-hasil penelitian','pokok','Y',0,53),('KD01','JBT13','001','003','Melaksanakan koordinasi dan kerjasama kegiatan penelitian dibidang Pemerintahan dan Kependudukan dengan instansi terkait','pokok','Y',0,59),('KD01','JBT14','001','003','Melaksanakan koordinasi dan kerjasama kegiatan penelitian dibidang Sosial Budaya dengan instansi terkait','pokok','Y',0,65),('KD01','JBT15','001','003','Pelaksanaan Sosialisasi hasil-hasil penelitian','pokok','Y',0,71),('KD01','JBT16','001','003','Melakukan koordinasi dan kerjasama kegiatan Pengkajian IPTEK dengan instansi terkait','pokok','Y',0,78),('KD01','JBT17','001','003','Melaksanakan koordinasi dan kerjasama kegiatan peneltian dibidang pengembangan IPTEK dengan instansi terkait','pokok','Y',0,84),('KD01','JBT02','002','003','Pengelolaan/pelayanan administrasi umum, kepegawaian, keuangan, ketatalaksanaan, peralatan dan perelengkapan serta kerumahtanggaan.','pokok','Y',0,3),('KD01','JBT06','001','004','Pelaksanaan koordinasi dan kerjasama dalam penelitian dan pengembangan di bidang Ekonomi dan Keungan dengan instansi terkait','pokok','Y',0,17),('KD01','JBT07','001','004','Melaksanakan identifikasi, pengkajian dan evaluasi dalam rangka pengembangan/peningkatan di Bidang Ekonomi','pokok','Y',0,23),('KD01','JBT08','001','004','Melakukan identifikasi, pengkajian dan evaluasi dalam rangka pengembangan/peningkatan dibidang Keuangan','pokok','Y',0,29),('KD01','JBT09','001','004','Pelaksanaan koordinasi dan kerjasama dalam penelitian dan pengembangan dibidang Sumber Daya Alam dan Lingkungan Hidup dengan instansi terkait','pokok','Y',0,37),('KD01','JBT10','001','004','Melaksanakan kegiatan identifikasi, pengkajian dan evaluasi dalam rangka pengembangan potensi sumber daya alam yang terkandung di darat, laut dan udara','pokok','Y',0,43),('KD01','JBT11','001','004','Melaksanakan kegiatan identifikasi, pengkajian dan evaluasi dalam rangka penelitian dibidang Lingkungan Hidup','pokok','Y',0,49),('KD01','JBT12','001','004','Pelaksanaan koordinasi dan kerjasama dalam penelitian dan pengembangan dibidang Pemerintahan, Kependudukan dan Sosial Budaya','pokok','Y',0,54),('KD01','JBT13','001','004','Melaksanakan kegiatan identifikasi, pengkajian dan evaluasi dalam rangka penelitian dibidang Pemerintahan dan Kependudukan','pokok','Y',0,60),('KD01','JBT14','001','004','Melaksanakan kegiatan identifikasi, pengkajian dan evaluasi dalam rangka penelitian dibidang Sosial Budaya','pokok','Y',0,66),('KD01','JBT15','001','004','Pelaksanaan koordinasi dan kerjasama kegiatan penelitian/pengkajian dan pengembangan Bidang pengkajian dan Pengembangan IPTEK dengan instansi terkait','pokok','Y',0,72),('KD01','JBT16','001','004','Melaksanakan kegiatan identifikasi, pengkajian dan evaluasi dalam rangka Pengkajian IPTEK','pokok','Y',0,79),('KD01','JBT17','001','004','Melaksanakan kegiatan identifikasi, pengkajian dan evaluasi dalam rangka Pengembangan IPTEK','pokok','Y',0,85),('KD01','JBT02','002','004','Pelaksanaan tugas-tugas pimpinan pada saat Kepala Badan berhalangan.','pokok','Y',0,4),('KD01','JBT06','001','005','Penyusunan Laporan hasil Bidang Ekonomi dan Keuangan','pokok','Y',0,18),('KD01','JBT07','001','005','Menyusun laporan dan rekomendasi hasil-hasil penelitian dibidang Ekonomi','pokok','Y',0,24),('KD01','JBT08','001','005','Menyusun laporan dan rekomendasi hasil-hasil penelitian dibidang keuangan','pokok','Y',0,30),('KD01','JBT09','001','005','Penyusunan Laporan hasil penelitian bidang Sumber Daya Alam dan Lingkungan Hidup','pokok','Y',0,38),('KD01','JBT10','001','005','Menyusun laporan dan rekomndasi hasil-hasil penelitian dan pengembangan sumber daya alam','pokok','Y',0,44),('KD01','JBT11','001','005','Melakukan pengkajian ats masalah-masalah aktual dan/atau strategis dibidang Lingkungan Hidup','pokok','Y',0,50),('KD01','JBT12','001','005','Penyusunan Laporan hasil penelitian bidang Pemerintahan, Kependudukan dan Sosial Budaya','pokok','Y',0,55),('KD01','JBT13','001','005','Menyusun laporan dan rekomndasi hasil-hasil penelitian dibidang Pemerintahan dan Kependudukan','pokok','Y',0,61),('KD01','JBT14','001','005','Menyusun laporan dan rekomndasi hasil-hasil penelitian dibidang Sosial Budaya','pokok','Y',0,67),('KD01','JBT15','001','005','Penyusunan Laporan pengkajian dan Pengembangan IPTEK','pokok','Y',0,73),('KD01','JBT16','001','005','Menyusun laporan dan rekomndasi hasil-hasil Pengkajian IPTEK','pokok','Y',0,80),('KD01','JBT17','001','005','Menyusun laporan dan rekomndasi hasil-hasil Pengembangan IPTEK','pokok','Y',0,86),('KD01','JBT02','002','005','Pelaksanaan tugas lain yang diberikan oleh Kepala','pokok','Y',0,5),('KD01','JBT06','001','006','Pengkajian masalah-masalah aktual dan/atau strategis dibidang Ekonomi dan Keuangan','pokok','Y',0,19),('KD01','JBT07','001','006','Melakukan pengkajian atas masalah-masalah actual dan/atau strategis dibidang ekonomi','pokok','Y',0,25),('KD01','JBT08','001','006','Melakukan pengkajian atas masalah-masalah actual dan/atau strategi dibidang keuangan','pokok','Y',0,31),('KD01','JBT09','001','006','Melakukan pengkajian atas masalah-masalah actual dan/atau strategis dibidang Sumber Daya Alam dan Lingkungan Hidup','pokok','Y',0,39),('KD01','JBT10','001','006','Melakukan pengkajian ats masalah-masalah aktual dan/atau strategis yang berkaitan dengan sumber daya alam','pokok','Y',0,45),('KD01','JBT12','001','006','Melakukan pengkajian atas masalah-masalah aktual dan/atau strategis dibidang Pemerintahan, Kependudukan dan Sosial Budaya','pokok','Y',0,56),('KD01','JBT13','001','006','Melakukan pengkajian atas masalah-masalah aktual dan/atau strategis dibidang Pemerintahan dan Kependudukan','pokok','Y',0,62),('KD01','JBT14','001','006','Melakukan pengkajian atas masalah-masalah aktual dan/atau strategis dibidang Sosial Budaya','pokok','Y',0,68),('KD01','JBT15','001','006','Melakukan pengkajian atas masalah-masalah aktual dan/atau strategis dibidang pengkajian dan Pengembangan IPTEK','pokok','Y',0,75),('KD01','JBT16','001','006','Melakukan pengkajian atas masalah-masalah aktual dan/atau strategis dibidang pengkajian IPTEK','pokok','Y',0,81),('KD01','JBT17','001','006','Melakukan pengkajian atas masalah-masalah aktual dan/atau strategis dibidang pengembangan IPTEK','pokok','Y',0,87),('KD01','JBT06','001','007','Tugas Tambahan','tambahan','Y',0,88),('KD01','JBT06','001','008','Tugas Kreatifitas','kreatifitas','Y',0,89);

/*Table structure for table `user_operation_tbl` */

DROP TABLE IF EXISTS `user_operation_tbl`;

CREATE TABLE `user_operation_tbl` (
  `id` int(11) NOT NULL,
  `object_name` varchar(30) NOT NULL,
  `object_operation` varchar(50) NOT NULL,
  `operation` varchar(1) NOT NULL DEFAULT 'N',
  `qversion` int(11) DEFAULT NULL,
  `qid` int(11) NOT NULL AUTO_INCREMENT,
  PRIMARY KEY (`id`,`object_name`,`object_operation`),
  UNIQUE KEY `user_operation_ix1` (`qid`)
) ENGINE=InnoDB AUTO_INCREMENT=437 DEFAULT CHARSET=latin1;

/*Data for the table `user_operation_tbl` */

insert  into `user_operation_tbl`(`id`,`object_name`,`object_operation`,`operation`,`qversion`,`qid`) values (1,'absensi','absensi.add','N',NULL,73),(1,'absensi','absensi.delete','N',NULL,75),(1,'absensi','absensi.getAll','N',NULL,76),(1,'absensi','absensi.modify','N',NULL,74),(1,'golongan','golongan.add','N',NULL,69),(1,'golongan','golongan.delete','N',NULL,71),(1,'golongan','golongan.getAll','N',NULL,72),(1,'golongan','golongan.modify','N',NULL,70),(1,'kegiatan','kegiatan.add','N',NULL,65),(1,'kegiatan','kegiatan.delete','N',NULL,67),(1,'kegiatan','kegiatan.getAll','N',NULL,68),(1,'kegiatan','kegiatan.modify','N',NULL,66),(1,'pegawai','pegawai.add','N',NULL,61),(1,'pegawai','pegawai.delete','N',NULL,63),(1,'pegawai','pegawai.getAll','N',NULL,64),(1,'pegawai','pegawai.modify','N',NULL,62),(1,'penilaian_kinerja','penilaian_kinerja.add','N',NULL,57),(1,'penilaian_kinerja','penilaian_kinerja.delete','N',NULL,59),(1,'penilaian_kinerja','penilaian_kinerja.getAll','N',NULL,60),(1,'penilaian_kinerja','penilaian_kinerja.modify','N',NULL,58),(1,'penilaian_pribadi','penilaian_pribadi.add','N',NULL,53),(1,'penilaian_pribadi','penilaian_pribadi.delete','N',NULL,55),(1,'penilaian_pribadi','penilaian_pribadi.getAll','N',NULL,56),(1,'penilaian_pribadi','penilaian_pribadi.modify','N',NULL,54),(1,'position','position.add','N',NULL,49),(1,'position','position.delete','N',NULL,51),(1,'position','position.getAll','N',NULL,52),(1,'position','position.modify','N',NULL,50),(1,'riwayat_hukuman','riwayat_hukuman.add','N',NULL,13),(1,'riwayat_hukuman','riwayat_hukuman.delete','N',NULL,15),(1,'riwayat_hukuman','riwayat_hukuman.getAll','N',NULL,16),(1,'riwayat_hukuman','riwayat_hukuman.modify','N',NULL,14),(1,'riwayat_jabatan','riwayat_jabatan.add','N',NULL,17),(1,'riwayat_jabatan','riwayat_jabatan.delete','N',NULL,19),(1,'riwayat_jabatan','riwayat_jabatan.getAll','N',NULL,20),(1,'riwayat_jabatan','riwayat_jabatan.modify','N',NULL,18),(1,'riwayat_kepangkatan','riwayat_kepangkatan.add','N',NULL,21),(1,'riwayat_kepangkatan','riwayat_kepangkatan.delete','N',NULL,23),(1,'riwayat_kepangkatan','riwayat_kepangkatan.getAll','N',NULL,24),(1,'riwayat_kepangkatan','riwayat_kepangkatan.modify','N',NULL,22),(1,'riwayat_kursus','riwayat_kursus.add','N',NULL,25),(1,'riwayat_kursus','riwayat_kursus.delete','N',NULL,27),(1,'riwayat_kursus','riwayat_kursus.getAll','N',NULL,28),(1,'riwayat_kursus','riwayat_kursus.modify','N',NULL,26),(1,'riwayat_pendidikan','riwayat_pendidikan.add','N',NULL,37),(1,'riwayat_pendidikan','riwayat_pendidikan.delete','N',NULL,39),(1,'riwayat_pendidikan','riwayat_pendidikan.getAll','N',NULL,40),(1,'riwayat_pendidikan','riwayat_pendidikan.modify','N',NULL,38),(1,'riwayat_penghargaan','riwayat_penghargaan.add','N',NULL,41),(1,'riwayat_penghargaan','riwayat_penghargaan.delete','N',NULL,43),(1,'riwayat_penghargaan','riwayat_penghargaan.getAll','N',NULL,44),(1,'riwayat_penghargaan','riwayat_penghargaan.modify','N',NULL,42),(1,'riwayat_tugas_luar_negeri','riwayat_tugas_luar_negeri.add','N',NULL,45),(1,'riwayat_tugas_luar_negeri','riwayat_tugas_luar_negeri.delete','N',NULL,47),(1,'riwayat_tugas_luar_negeri','riwayat_tugas_luar_negeri.getAll','N',NULL,48),(1,'riwayat_tugas_luar_negeri','riwayat_tugas_luar_negeri.modify','N',NULL,46),(1,'skpd','skpd.add','N',NULL,1),(1,'skpd','skpd.delete','N',NULL,3),(1,'skpd','skpd.getAll','N',NULL,4),(1,'skpd','skpd.modify','N',NULL,2),(1,'tupoksi','tupoksi.add','N',NULL,5),(1,'tupoksi','tupoksi.delete','N',NULL,7),(1,'tupoksi','tupoksi.getAll','N',NULL,8),(1,'tupoksi','tupoksi.modify','N',NULL,6),(1,'uraian_tupoksi','uraian_tupoksi.add','N',NULL,9),(1,'uraian_tupoksi','uraian_tupoksi.delete','N',NULL,11),(1,'uraian_tupoksi','uraian_tupoksi.getAll','N',NULL,12),(1,'uraian_tupoksi','uraian_tupoksi.modify','N',NULL,10),(2,'absensi','absensi.add','N',NULL,137),(2,'absensi','absensi.delete','N',NULL,139),(2,'absensi','absensi.getAll','N',NULL,140),(2,'absensi','absensi.modify','N',NULL,138),(2,'aktifitas_tupoksi','aktifitas_tupoksi.add','N',NULL,141),(2,'aktifitas_tupoksi','aktifitas_tupoksi.delete','N',NULL,143),(2,'aktifitas_tupoksi','aktifitas_tupoksi.getAll','N',NULL,144),(2,'aktifitas_tupoksi','aktifitas_tupoksi.modify','N',NULL,142),(2,'golongan','golongan.add','N',NULL,145),(2,'golongan','golongan.delete','N',NULL,147),(2,'golongan','golongan.getAll','N',NULL,148),(2,'golongan','golongan.modify','N',NULL,146),(2,'kegiatan','kegiatan.add','N',NULL,134),(2,'kegiatan','kegiatan.delete','N',NULL,136),(2,'kegiatan','kegiatan.getAll','N',NULL,133),(2,'kegiatan','kegiatan.modify','N',NULL,135),(2,'pegawai','pegawai.add','N',NULL,129),(2,'pegawai','pegawai.delete','N',NULL,131),(2,'pegawai','pegawai.getAll','N',NULL,132),(2,'pegawai','pegawai.modify','N',NULL,130),(2,'penilaian_kinerja','penilaian_kinerja.add','N',NULL,125),(2,'penilaian_kinerja','penilaian_kinerja.delete','N',NULL,127),(2,'penilaian_kinerja','penilaian_kinerja.getAll','N',NULL,128),(2,'penilaian_kinerja','penilaian_kinerja.modify','N',NULL,126),(2,'penilaian_pribadi','penilaian_pribadi.add','N',NULL,121),(2,'penilaian_pribadi','penilaian_pribadi.delete','N',NULL,123),(2,'penilaian_pribadi','penilaian_pribadi.getAll','N',NULL,124),(2,'penilaian_pribadi','penilaian_pribadi.modify','N',NULL,122),(2,'position','position.add','N',NULL,117),(2,'position','position.delete','N',NULL,119),(2,'position','position.getAll','N',NULL,120),(2,'position','position.modify','N',NULL,118),(2,'riwayat_hukuman','riwayat_hukuman.add','N',NULL,90),(2,'riwayat_hukuman','riwayat_hukuman.delete','N',NULL,92),(2,'riwayat_hukuman','riwayat_hukuman.getAll','N',NULL,89),(2,'riwayat_hukuman','riwayat_hukuman.modify','N',NULL,91),(2,'riwayat_jabatan','riwayat_jabatan.add','N',NULL,93),(2,'riwayat_jabatan','riwayat_jabatan.delete','N',NULL,95),(2,'riwayat_jabatan','riwayat_jabatan.getAll','N',NULL,96),(2,'riwayat_jabatan','riwayat_jabatan.modify','N',NULL,94),(2,'riwayat_kepangkatan','riwayat_kepangkatan.add','N',NULL,97),(2,'riwayat_kepangkatan','riwayat_kepangkatan.delete','N',NULL,99),(2,'riwayat_kepangkatan','riwayat_kepangkatan.getAll','N',NULL,100),(2,'riwayat_kepangkatan','riwayat_kepangkatan.modify','N',NULL,98),(2,'riwayat_kursus','riwayat_kursus.add','N',NULL,101),(2,'riwayat_kursus','riwayat_kursus.delete','N',NULL,103),(2,'riwayat_kursus','riwayat_kursus.getAll','N',NULL,104),(2,'riwayat_kursus','riwayat_kursus.modify','N',NULL,102),(2,'riwayat_pendidikan','riwayat_pendidikan.add','N',NULL,105),(2,'riwayat_pendidikan','riwayat_pendidikan.delete','N',NULL,107),(2,'riwayat_pendidikan','riwayat_pendidikan.getAll','N',NULL,108),(2,'riwayat_pendidikan','riwayat_pendidikan.modify','N',NULL,106),(2,'riwayat_penghargaan','riwayat_penghargaan.add','N',NULL,109),(2,'riwayat_penghargaan','riwayat_penghargaan.delete','N',NULL,111),(2,'riwayat_penghargaan','riwayat_penghargaan.getAll','N',NULL,112),(2,'riwayat_penghargaan','riwayat_penghargaan.modify','N',NULL,110),(2,'riwayat_tugas_luar_negeri','riwayat_tugas_luar_negeri.add','N',NULL,113),(2,'riwayat_tugas_luar_negeri','riwayat_tugas_luar_negeri.delete','N',NULL,115),(2,'riwayat_tugas_luar_negeri','riwayat_tugas_luar_negeri.getAll','N',NULL,116),(2,'riwayat_tugas_luar_negeri','riwayat_tugas_luar_negeri.modify','N',NULL,114),(2,'skpd','skpd.add','N',NULL,77),(2,'skpd','skpd.delete','N',NULL,79),(2,'skpd','skpd.getAll','N',NULL,80),(2,'skpd','skpd.modify','N',NULL,78),(2,'tupoksi','tupoksi.add','N',NULL,81),(2,'tupoksi','tupoksi.delete','N',NULL,83),(2,'tupoksi','tupoksi.getAll','N',NULL,84),(2,'tupoksi','tupoksi.modify','N',NULL,82),(2,'uraian_tupoksi','uraian_tupoksi.add','N',NULL,85),(2,'uraian_tupoksi','uraian_tupoksi.delete','N',NULL,87),(2,'uraian_tupoksi','uraian_tupoksi.getAll','N',NULL,88),(2,'uraian_tupoksi','uraian_tupoksi.modify','N',NULL,86),(6,'absensi','absensi.add','N',1,149),(6,'absensi','absensi.delete','N',1,150),(6,'absensi','absensi.getAll','N',1,151),(6,'absensi','absensi.modify','N',1,152),(6,'aktifitas_tupoksi','aktifitas_tupoksi.add','N',1,153),(6,'aktifitas_tupoksi','aktifitas_tupoksi.delete','N',1,154),(6,'aktifitas_tupoksi','aktifitas_tupoksi.getAll','N',1,155),(6,'aktifitas_tupoksi','aktifitas_tupoksi.modify','N',1,156),(6,'golongan','golongan.add','N',1,157),(6,'golongan','golongan.delete','N',1,158),(6,'golongan','golongan.getAll','N',1,159),(6,'golongan','golongan.modify','N',1,160),(6,'kegiatan','kegiatan.add','N',1,161),(6,'kegiatan','kegiatan.delete','N',1,162),(6,'kegiatan','kegiatan.getAll','N',1,163),(6,'kegiatan','kegiatan.modify','N',1,164),(6,'pegawai','pegawai.add','N',1,165),(6,'pegawai','pegawai.delete','N',1,166),(6,'pegawai','pegawai.getAll','N',1,167),(6,'pegawai','pegawai.modify','N',1,168),(6,'penilaian_kinerja','penilaian_kinerja.add','N',1,169),(6,'penilaian_kinerja','penilaian_kinerja.delete','N',1,170),(6,'penilaian_kinerja','penilaian_kinerja.getAll','N',1,171),(6,'penilaian_kinerja','penilaian_kinerja.modify','N',1,172),(6,'penilaian_pribadi','penilaian_pribadi.add','N',1,173),(6,'penilaian_pribadi','penilaian_pribadi.delete','N',1,174),(6,'penilaian_pribadi','penilaian_pribadi.getAll','N',1,175),(6,'penilaian_pribadi','penilaian_pribadi.modify','N',1,176),(6,'position','position.add','N',1,177),(6,'position','position.delete','N',1,178),(6,'position','position.getAll','N',1,179),(6,'position','position.modify','N',1,180),(6,'riwayat_hukuman','riwayat_hukuman.add','N',1,181),(6,'riwayat_hukuman','riwayat_hukuman.delete','N',1,182),(6,'riwayat_hukuman','riwayat_hukuman.getAll','N',1,183),(6,'riwayat_hukuman','riwayat_hukuman.modify','N',1,184),(6,'riwayat_jabatan','riwayat_jabatan.add','N',1,185),(6,'riwayat_jabatan','riwayat_jabatan.delete','N',1,186),(6,'riwayat_jabatan','riwayat_jabatan.getAll','N',1,187),(6,'riwayat_jabatan','riwayat_jabatan.modify','N',1,188),(6,'riwayat_kepangkatan','riwayat_kepangkatan.add','N',1,189),(6,'riwayat_kepangkatan','riwayat_kepangkatan.delete','N',1,190),(6,'riwayat_kepangkatan','riwayat_kepangkatan.getAll','N',1,191),(6,'riwayat_kepangkatan','riwayat_kepangkatan.modify','N',1,192),(6,'riwayat_kursus','riwayat_kursus.add','N',1,193),(6,'riwayat_kursus','riwayat_kursus.delete','N',1,194),(6,'riwayat_kursus','riwayat_kursus.getAll','N',1,195),(6,'riwayat_kursus','riwayat_kursus.modify','N',1,196),(6,'riwayat_pendidikan','riwayat_pendidikan.add','N',1,197),(6,'riwayat_pendidikan','riwayat_pendidikan.delete','N',1,198),(6,'riwayat_pendidikan','riwayat_pendidikan.getAll','N',1,199),(6,'riwayat_pendidikan','riwayat_pendidikan.modify','N',1,200),(6,'riwayat_penghargaan','riwayat_penghargaan.add','N',1,201),(6,'riwayat_penghargaan','riwayat_penghargaan.delete','N',1,202),(6,'riwayat_penghargaan','riwayat_penghargaan.getAll','N',1,203),(6,'riwayat_penghargaan','riwayat_penghargaan.modify','N',1,204),(6,'riwayat_tugas_luar_negeri','riwayat_tugas_luar_negeri.add','N',1,205),(6,'riwayat_tugas_luar_negeri','riwayat_tugas_luar_negeri.delete','N',1,206),(6,'riwayat_tugas_luar_negeri','riwayat_tugas_luar_negeri.getAll','N',1,207),(6,'riwayat_tugas_luar_negeri','riwayat_tugas_luar_negeri.modify','N',1,208),(6,'skpd','skpd.add','N',1,209),(6,'skpd','skpd.delete','N',1,210),(6,'skpd','skpd.getAll','N',1,211),(6,'skpd','skpd.modify','N',1,212),(6,'tupoksi','tupoksi.add','N',1,213),(6,'tupoksi','tupoksi.delete','N',1,214),(6,'tupoksi','tupoksi.getAll','N',1,215),(6,'tupoksi','tupoksi.modify','N',1,216),(6,'uraian_tupoksi','uraian_tupoksi.add','N',1,217),(6,'uraian_tupoksi','uraian_tupoksi.delete','N',1,218),(6,'uraian_tupoksi','uraian_tupoksi.getAll','N',1,219),(6,'uraian_tupoksi','uraian_tupoksi.modify','N',1,220),(7,'absensi','absensi.add','N',1,221),(7,'absensi','absensi.delete','N',1,222),(7,'absensi','absensi.getAll','N',1,223),(7,'absensi','absensi.modify','N',1,224),(7,'aktifitas_tupoksi','aktifitas_tupoksi.add','N',1,225),(7,'aktifitas_tupoksi','aktifitas_tupoksi.delete','N',1,226),(7,'aktifitas_tupoksi','aktifitas_tupoksi.getAll','N',1,227),(7,'aktifitas_tupoksi','aktifitas_tupoksi.modify','N',1,228),(7,'golongan','golongan.add','N',1,229),(7,'golongan','golongan.delete','N',1,230),(7,'golongan','golongan.getAll','N',1,231),(7,'golongan','golongan.modify','N',1,232),(7,'kegiatan','kegiatan.add','N',1,233),(7,'kegiatan','kegiatan.delete','N',1,234),(7,'kegiatan','kegiatan.getAll','N',1,235),(7,'kegiatan','kegiatan.modify','N',1,236),(7,'pegawai','pegawai.add','N',1,237),(7,'pegawai','pegawai.delete','N',1,238),(7,'pegawai','pegawai.getAll','N',1,239),(7,'pegawai','pegawai.modify','N',1,240),(7,'penilaian_kinerja','penilaian_kinerja.add','N',1,241),(7,'penilaian_kinerja','penilaian_kinerja.delete','N',1,242),(7,'penilaian_kinerja','penilaian_kinerja.getAll','N',1,243),(7,'penilaian_kinerja','penilaian_kinerja.modify','N',1,244),(7,'penilaian_pribadi','penilaian_pribadi.add','N',1,245),(7,'penilaian_pribadi','penilaian_pribadi.delete','N',1,246),(7,'penilaian_pribadi','penilaian_pribadi.getAll','N',1,247),(7,'penilaian_pribadi','penilaian_pribadi.modify','N',1,248),(7,'position','position.add','N',1,249),(7,'position','position.delete','N',1,250),(7,'position','position.getAll','N',1,251),(7,'position','position.modify','N',1,252),(7,'riwayat_hukuman','riwayat_hukuman.add','N',1,253),(7,'riwayat_hukuman','riwayat_hukuman.delete','N',1,254),(7,'riwayat_hukuman','riwayat_hukuman.getAll','N',1,255),(7,'riwayat_hukuman','riwayat_hukuman.modify','N',1,256),(7,'riwayat_jabatan','riwayat_jabatan.add','N',1,257),(7,'riwayat_jabatan','riwayat_jabatan.delete','N',1,258),(7,'riwayat_jabatan','riwayat_jabatan.getAll','N',1,259),(7,'riwayat_jabatan','riwayat_jabatan.modify','N',1,260),(7,'riwayat_kepangkatan','riwayat_kepangkatan.add','N',1,261),(7,'riwayat_kepangkatan','riwayat_kepangkatan.delete','N',1,262),(7,'riwayat_kepangkatan','riwayat_kepangkatan.getAll','N',1,263),(7,'riwayat_kepangkatan','riwayat_kepangkatan.modify','N',1,264),(7,'riwayat_kursus','riwayat_kursus.add','N',1,265),(7,'riwayat_kursus','riwayat_kursus.delete','N',1,266),(7,'riwayat_kursus','riwayat_kursus.getAll','N',1,267),(7,'riwayat_kursus','riwayat_kursus.modify','N',1,268),(7,'riwayat_pendidikan','riwayat_pendidikan.add','N',1,269),(7,'riwayat_pendidikan','riwayat_pendidikan.delete','N',1,270),(7,'riwayat_pendidikan','riwayat_pendidikan.getAll','N',1,271),(7,'riwayat_pendidikan','riwayat_pendidikan.modify','N',1,272),(7,'riwayat_penghargaan','riwayat_penghargaan.add','N',1,273),(7,'riwayat_penghargaan','riwayat_penghargaan.delete','N',1,274),(7,'riwayat_penghargaan','riwayat_penghargaan.getAll','N',1,275),(7,'riwayat_penghargaan','riwayat_penghargaan.modify','N',1,276),(7,'riwayat_tugas_luar_negeri','riwayat_tugas_luar_negeri.add','N',1,277),(7,'riwayat_tugas_luar_negeri','riwayat_tugas_luar_negeri.delete','N',1,278),(7,'riwayat_tugas_luar_negeri','riwayat_tugas_luar_negeri.getAll','N',1,279),(7,'riwayat_tugas_luar_negeri','riwayat_tugas_luar_negeri.modify','N',1,280),(7,'skpd','skpd.add','N',1,281),(7,'skpd','skpd.delete','N',1,282),(7,'skpd','skpd.getAll','N',1,283),(7,'skpd','skpd.modify','N',1,284),(7,'tupoksi','tupoksi.add','N',1,285),(7,'tupoksi','tupoksi.delete','N',1,286),(7,'tupoksi','tupoksi.getAll','N',1,287),(7,'tupoksi','tupoksi.modify','N',1,288),(7,'uraian_tupoksi','uraian_tupoksi.add','N',1,289),(7,'uraian_tupoksi','uraian_tupoksi.delete','N',1,290),(7,'uraian_tupoksi','uraian_tupoksi.getAll','N',1,291),(7,'uraian_tupoksi','uraian_tupoksi.modify','N',1,292),(8,'absensi','absensi.add','N',1,293),(8,'absensi','absensi.delete','N',1,294),(8,'absensi','absensi.getAll','N',1,295),(8,'absensi','absensi.modify','N',1,296),(8,'aktifitas_tupoksi','aktifitas_tupoksi.add','N',1,297),(8,'aktifitas_tupoksi','aktifitas_tupoksi.delete','N',1,298),(8,'aktifitas_tupoksi','aktifitas_tupoksi.getAll','N',1,299),(8,'aktifitas_tupoksi','aktifitas_tupoksi.modify','N',1,300),(8,'golongan','golongan.add','N',1,301),(8,'golongan','golongan.delete','N',1,302),(8,'golongan','golongan.getAll','N',1,303),(8,'golongan','golongan.modify','N',1,304),(8,'kegiatan','kegiatan.add','N',1,305),(8,'kegiatan','kegiatan.delete','N',1,306),(8,'kegiatan','kegiatan.getAll','N',1,307),(8,'kegiatan','kegiatan.modify','N',1,308),(8,'pegawai','pegawai.add','N',1,309),(8,'pegawai','pegawai.delete','N',1,310),(8,'pegawai','pegawai.getAll','N',1,311),(8,'pegawai','pegawai.modify','N',1,312),(8,'penilaian_kinerja','penilaian_kinerja.add','N',1,313),(8,'penilaian_kinerja','penilaian_kinerja.delete','N',1,314),(8,'penilaian_kinerja','penilaian_kinerja.getAll','N',1,315),(8,'penilaian_kinerja','penilaian_kinerja.modify','N',1,316),(8,'penilaian_pribadi','penilaian_pribadi.add','N',1,317),(8,'penilaian_pribadi','penilaian_pribadi.delete','N',1,318),(8,'penilaian_pribadi','penilaian_pribadi.getAll','N',1,319),(8,'penilaian_pribadi','penilaian_pribadi.modify','N',1,320),(8,'position','position.add','N',1,321),(8,'position','position.delete','N',1,322),(8,'position','position.getAll','N',1,323),(8,'position','position.modify','N',1,324),(8,'riwayat_hukuman','riwayat_hukuman.add','N',1,325),(8,'riwayat_hukuman','riwayat_hukuman.delete','N',1,326),(8,'riwayat_hukuman','riwayat_hukuman.getAll','N',1,327),(8,'riwayat_hukuman','riwayat_hukuman.modify','N',1,328),(8,'riwayat_jabatan','riwayat_jabatan.add','N',1,329),(8,'riwayat_jabatan','riwayat_jabatan.delete','N',1,330),(8,'riwayat_jabatan','riwayat_jabatan.getAll','N',1,331),(8,'riwayat_jabatan','riwayat_jabatan.modify','N',1,332),(8,'riwayat_kepangkatan','riwayat_kepangkatan.add','N',1,333),(8,'riwayat_kepangkatan','riwayat_kepangkatan.delete','N',1,334),(8,'riwayat_kepangkatan','riwayat_kepangkatan.getAll','N',1,335),(8,'riwayat_kepangkatan','riwayat_kepangkatan.modify','N',1,336),(8,'riwayat_kursus','riwayat_kursus.add','N',1,337),(8,'riwayat_kursus','riwayat_kursus.delete','N',1,338),(8,'riwayat_kursus','riwayat_kursus.getAll','N',1,339),(8,'riwayat_kursus','riwayat_kursus.modify','N',1,340),(8,'riwayat_pendidikan','riwayat_pendidikan.add','N',1,341),(8,'riwayat_pendidikan','riwayat_pendidikan.delete','N',1,342),(8,'riwayat_pendidikan','riwayat_pendidikan.getAll','N',1,343),(8,'riwayat_pendidikan','riwayat_pendidikan.modify','N',1,344),(8,'riwayat_penghargaan','riwayat_penghargaan.add','N',1,345),(8,'riwayat_penghargaan','riwayat_penghargaan.delete','N',1,346),(8,'riwayat_penghargaan','riwayat_penghargaan.getAll','N',1,347),(8,'riwayat_penghargaan','riwayat_penghargaan.modify','N',1,348),(8,'riwayat_tugas_luar_negeri','riwayat_tugas_luar_negeri.add','N',1,349),(8,'riwayat_tugas_luar_negeri','riwayat_tugas_luar_negeri.delete','N',1,350),(8,'riwayat_tugas_luar_negeri','riwayat_tugas_luar_negeri.getAll','N',1,351),(8,'riwayat_tugas_luar_negeri','riwayat_tugas_luar_negeri.modify','N',1,352),(8,'skpd','skpd.add','N',1,353),(8,'skpd','skpd.delete','N',1,354),(8,'skpd','skpd.getAll','N',1,355),(8,'skpd','skpd.modify','N',1,356),(8,'tupoksi','tupoksi.add','N',1,357),(8,'tupoksi','tupoksi.delete','N',1,358),(8,'tupoksi','tupoksi.getAll','N',1,359),(8,'tupoksi','tupoksi.modify','N',1,360),(8,'uraian_tupoksi','uraian_tupoksi.add','N',1,361),(8,'uraian_tupoksi','uraian_tupoksi.delete','N',1,362),(8,'uraian_tupoksi','uraian_tupoksi.getAll','N',1,363),(8,'uraian_tupoksi','uraian_tupoksi.modify','N',1,364),(9,'absensi','absensi.add','N',1,365),(9,'absensi','absensi.delete','N',1,366),(9,'absensi','absensi.getAll','N',1,367),(9,'absensi','absensi.modify','N',1,368),(9,'aktifitas_tupoksi','aktifitas_tupoksi.add','N',1,369),(9,'aktifitas_tupoksi','aktifitas_tupoksi.delete','N',1,370),(9,'aktifitas_tupoksi','aktifitas_tupoksi.getAll','N',1,371),(9,'aktifitas_tupoksi','aktifitas_tupoksi.modify','N',1,372),(9,'golongan','golongan.add','N',1,373),(9,'golongan','golongan.delete','N',1,374),(9,'golongan','golongan.getAll','N',1,375),(9,'golongan','golongan.modify','N',1,376),(9,'kegiatan','kegiatan.add','N',1,377),(9,'kegiatan','kegiatan.delete','N',1,378),(9,'kegiatan','kegiatan.getAll','N',1,379),(9,'kegiatan','kegiatan.modify','N',1,380),(9,'pegawai','pegawai.add','N',1,381),(9,'pegawai','pegawai.delete','N',1,382),(9,'pegawai','pegawai.getAll','N',1,383),(9,'pegawai','pegawai.modify','N',1,384),(9,'penilaian_kinerja','penilaian_kinerja.add','N',1,385),(9,'penilaian_kinerja','penilaian_kinerja.delete','N',1,386),(9,'penilaian_kinerja','penilaian_kinerja.getAll','N',1,387),(9,'penilaian_kinerja','penilaian_kinerja.modify','N',1,388),(9,'penilaian_pribadi','penilaian_pribadi.add','N',1,389),(9,'penilaian_pribadi','penilaian_pribadi.delete','N',1,390),(9,'penilaian_pribadi','penilaian_pribadi.getAll','N',1,391),(9,'penilaian_pribadi','penilaian_pribadi.modify','N',1,392),(9,'position','position.add','N',1,393),(9,'position','position.delete','N',1,394),(9,'position','position.getAll','N',1,395),(9,'position','position.modify','N',1,396),(9,'riwayat_hukuman','riwayat_hukuman.add','N',1,397),(9,'riwayat_hukuman','riwayat_hukuman.delete','N',1,398),(9,'riwayat_hukuman','riwayat_hukuman.getAll','N',1,399),(9,'riwayat_hukuman','riwayat_hukuman.modify','N',1,400),(9,'riwayat_jabatan','riwayat_jabatan.add','N',1,401),(9,'riwayat_jabatan','riwayat_jabatan.delete','N',1,402),(9,'riwayat_jabatan','riwayat_jabatan.getAll','N',1,403),(9,'riwayat_jabatan','riwayat_jabatan.modify','N',1,404),(9,'riwayat_kepangkatan','riwayat_kepangkatan.add','N',1,405),(9,'riwayat_kepangkatan','riwayat_kepangkatan.delete','N',1,406),(9,'riwayat_kepangkatan','riwayat_kepangkatan.getAll','N',1,407),(9,'riwayat_kepangkatan','riwayat_kepangkatan.modify','N',1,408),(9,'riwayat_kursus','riwayat_kursus.add','N',1,409),(9,'riwayat_kursus','riwayat_kursus.delete','N',1,410),(9,'riwayat_kursus','riwayat_kursus.getAll','N',1,411),(9,'riwayat_kursus','riwayat_kursus.modify','N',1,412),(9,'riwayat_pendidikan','riwayat_pendidikan.add','N',1,413),(9,'riwayat_pendidikan','riwayat_pendidikan.delete','N',1,414),(9,'riwayat_pendidikan','riwayat_pendidikan.getAll','N',1,415),(9,'riwayat_pendidikan','riwayat_pendidikan.modify','N',1,416),(9,'riwayat_penghargaan','riwayat_penghargaan.add','N',1,417),(9,'riwayat_penghargaan','riwayat_penghargaan.delete','N',1,418),(9,'riwayat_penghargaan','riwayat_penghargaan.getAll','N',1,419),(9,'riwayat_penghargaan','riwayat_penghargaan.modify','N',1,420),(9,'riwayat_tugas_luar_negeri','riwayat_tugas_luar_negeri.add','N',1,421),(9,'riwayat_tugas_luar_negeri','riwayat_tugas_luar_negeri.delete','N',1,422),(9,'riwayat_tugas_luar_negeri','riwayat_tugas_luar_negeri.getAll','N',1,423),(9,'riwayat_tugas_luar_negeri','riwayat_tugas_luar_negeri.modify','N',1,424),(9,'skpd','skpd.add','N',1,425),(9,'skpd','skpd.delete','N',1,426),(9,'skpd','skpd.getAll','N',1,427),(9,'skpd','skpd.modify','N',1,428),(9,'tupoksi','tupoksi.add','N',1,429),(9,'tupoksi','tupoksi.delete','N',1,430),(9,'tupoksi','tupoksi.getAll','N',1,431),(9,'tupoksi','tupoksi.modify','N',1,432),(9,'uraian_tupoksi','uraian_tupoksi.add','N',1,433),(9,'uraian_tupoksi','uraian_tupoksi.delete','N',1,434),(9,'uraian_tupoksi','uraian_tupoksi.getAll','N',1,435),(9,'uraian_tupoksi','uraian_tupoksi.modify','N',1,436);

/*Table structure for table `users` */

DROP TABLE IF EXISTS `users`;

CREATE TABLE `users` (
  `id` int(11) unsigned NOT NULL AUTO_INCREMENT,
  `ip_address` varchar(15) NOT NULL,
  `username` varchar(100) NOT NULL,
  `password` varchar(255) NOT NULL,
  `salt` varchar(255) DEFAULT NULL,
  `email` varchar(100) NOT NULL,
  `activation_code` varchar(40) DEFAULT NULL,
  `forgotten_password_code` varchar(40) DEFAULT NULL,
  `forgotten_password_time` int(11) unsigned DEFAULT NULL,
  `remember_code` varchar(40) DEFAULT NULL,
  `created_on` int(11) unsigned NOT NULL,
  `last_login` int(11) unsigned DEFAULT NULL,
  `active` tinyint(1) unsigned DEFAULT NULL,
  `first_name` varchar(50) DEFAULT NULL,
  `last_name` varchar(50) DEFAULT NULL,
  `company` varchar(50) DEFAULT NULL,
  `phone` varchar(20) DEFAULT NULL,
  `nip` varchar(20) DEFAULT NULL,
  PRIMARY KEY (`id`)
) ENGINE=InnoDB AUTO_INCREMENT=10 DEFAULT CHARSET=utf8;

/*Data for the table `users` */

insert  into `users`(`id`,`ip_address`,`username`,`password`,`salt`,`email`,`activation_code`,`forgotten_password_code`,`forgotten_password_time`,`remember_code`,`created_on`,`last_login`,`active`,`first_name`,`last_name`,`company`,`phone`,`nip`) values (1,'127.0.0.1','administrator','$2y$08$QOJBdCRUgZfdpv6L8uhzGuZas/PMDsFRU.2v8F7b6VWQ37azs7WSK','','admin@admin.com','',NULL,NULL,NULL,1268889823,1480552487,1,'Admin',NULL,NULL,'+62852 0000 0000',NULL),(2,'::1','','$2y$08$hU2b9ilcg8hfi4gS74wd6uxc/bwxt95l.1hDdWmHd5KoAC3SzeHpC',NULL,'kaban@gmail.com',NULL,NULL,NULL,NULL,1478214437,1480552586,1,'SUKANTO TODING',NULL,NULL,'04013124124','195510181980102001'),(3,'::1','','$2y$08$rkByRCthsi2uPc2GO3IAMu0kUTsl.ils6UQH4IRJfDC.8MxZWkLdm',NULL,'hamsir@gmail.com',NULL,NULL,NULL,NULL,1478214632,1480299385,1,'HAMSIR',NULL,NULL,'04013124124','195608161980031018'),(4,'::1','','$2y$08$nzztW08bdEKyPSyKjjdBjOx7RjTWkZBUbW0bnGiuCt2DpuhJKySAS',NULL,'admin@bkd.com',NULL,NULL,NULL,NULL,1479969296,1480546118,1,'Admin BKD',NULL,NULL,'04013124124','admin_bkd'),(5,'::1','','$2y$08$qHtU4MFVaISyRMJ6N0SUduT5KP1BqMOAjkrqL4HiNOp3qXjYtNgIm',NULL,'admin@bpkad.com',NULL,NULL,NULL,NULL,1479969344,1480256133,1,'Admin BPKAD',NULL,NULL,'04013124124','admin_bpkad'),(6,'::1','','$2y$08$yVGHJMS/Cz4oSqINO1Ex8OWrf8Gk4sN3n/pEAhEmmqChkr2KWhLwu',NULL,'nining@gmail.com',NULL,NULL,NULL,NULL,1480299666,1480491786,1,'NINING WIDANINGSIH',NULL,NULL,'04013124124','195703011981032004'),(7,'::1','','$2y$08$QF9iFshwHLMfyACGpfQjgefsG0kwWd.pWZIjhtGTvV.ITG3qRfpfa',NULL,'laode@gmail.com',NULL,NULL,NULL,NULL,1480466896,1480467467,1,'La Ode Asyikin Azimu',NULL,NULL,'04013123123','195703251978031007'),(8,'::1','','$2y$08$21vsSNXPMeOuJw/Jq2v86uOpVi3M0qNv.IBAeI6dXfuxD9jaq5qtG',NULL,'harniati@gmail.com',NULL,NULL,NULL,NULL,1480467664,NULL,1,'Harniati',NULL,NULL,'04013124124','195708101982012007'),(9,'::1','','$2y$08$sGjtrFEfclBCg1fJB9nLTOkNuUb7Xt211.9yUbuCC5PruUHw7Ahry',NULL,'mahmud@gmail.com',NULL,NULL,NULL,NULL,1480467741,1480467787,1,'Mahmud',NULL,NULL,'04013124124','195711141981031006');

/*Table structure for table `users_groups` */

DROP TABLE IF EXISTS `users_groups`;

CREATE TABLE `users_groups` (
  `id` int(11) unsigned NOT NULL AUTO_INCREMENT,
  `user_id` int(11) unsigned NOT NULL,
  `group_id` mediumint(8) unsigned NOT NULL,
  PRIMARY KEY (`id`),
  UNIQUE KEY `uc_users_groups` (`user_id`,`group_id`),
  KEY `fk_users_groups_users1_idx` (`user_id`),
  KEY `fk_users_groups_groups1_idx` (`group_id`),
  CONSTRAINT `fk_users_groups_groups1` FOREIGN KEY (`group_id`) REFERENCES `groups` (`id`) ON DELETE CASCADE ON UPDATE NO ACTION,
  CONSTRAINT `fk_users_groups_users1` FOREIGN KEY (`user_id`) REFERENCES `users` (`id`) ON DELETE CASCADE ON UPDATE NO ACTION
) ENGINE=InnoDB AUTO_INCREMENT=11 DEFAULT CHARSET=utf8;

/*Data for the table `users_groups` */

insert  into `users_groups`(`id`,`user_id`,`group_id`) values (2,1,1),(3,2,2),(4,3,2),(5,4,3),(6,5,3),(7,6,2),(8,7,2),(9,8,2),(10,9,2);

/* Function  structure for function  `get_nilai_absensi` */

/*!50003 DROP FUNCTION IF EXISTS `get_nilai_absensi` */;
DELIMITER $$

/*!50003 CREATE DEFINER=`root`@`localhost` FUNCTION `get_nilai_absensi`(NIP_ VARCHAR(20), BULAN_ VARCHAR(20)) RETURNS decimal(10,2)
    DETERMINISTIC
BEGIN
	DECLARE nilai_ DECIMAL(10,2);
	  select ((avg(a.absen_pagi)+avg(a.absen_siang)+avg(a.absen_sore))/3*100) into nilai_ 
	  from absensi_tbl a 
	  where a.nip = NIP_ and month(a.tanggal) = BULAN_
	  group by month(a.tanggal);
	return nilai_;
END */$$
DELIMITER ;

/* Function  structure for function  `get_nilai_absensi_harian` */

/*!50003 DROP FUNCTION IF EXISTS `get_nilai_absensi_harian` */;
DELIMITER $$

/*!50003 CREATE DEFINER=`root`@`localhost` FUNCTION `get_nilai_absensi_harian`(NIP_ VARCHAR(20), TANGGAL_ DATE) RETURNS decimal(10,2)
BEGIN
  DECLARE nilai_ DECIMAL (10, 2) ;
  SELECT 
    (
      (
        AVG(a.absen_pagi) + AVG(a.absen_siang) + AVG(a.absen_sore)
      ) 
    ) INTO nilai_ 
  FROM
    absensi_tbl a 
  WHERE a.nip = NIP_ 
    AND a.tanggal = TANGGAL_ ;
  RETURN nilai_ ;
END */$$
DELIMITER ;

/* Function  structure for function  `get_nilai_kinerja` */

/*!50003 DROP FUNCTION IF EXISTS `get_nilai_kinerja` */;
DELIMITER $$

/*!50003 CREATE DEFINER=`root`@`localhost` FUNCTION `get_nilai_kinerja`(NIP_ VARCHAR(20), SKPD_ VARCHAR(20), JABATAN_ VARCHAR(20), BULAN_ VARCHAR(20)) RETURNS decimal(10,2)
    DETERMINISTIC
BEGIN
	DECLARE nilai_ DECIMAL(10,2);
	  select avg(pp.nilai) into nilai_ from kegiatan_tbl pp
	where pp.nip = NIP_ and pp.kd_skpd=SKPD_ and pp.kd_position = JABATAN_ and month(pp.tgl_kegiatan)=BULAN_
	group by month(pp.tgl_kegiatan);
	return nilai_;
END */$$
DELIMITER ;

/* Function  structure for function  `get_nilai_kinerja_harian` */

/*!50003 DROP FUNCTION IF EXISTS `get_nilai_kinerja_harian` */;
DELIMITER $$

/*!50003 CREATE DEFINER=`root`@`localhost` FUNCTION `get_nilai_kinerja_harian`(
  NIP_ VARCHAR (20),
  SKPD_ VARCHAR (20),
  JABATAN_ VARCHAR (20),
  TANGGAL_ DATE ) RETURNS decimal(10,2)
BEGIN
   DECLARE nilai_ DECIMAL (10, 2) ;
  SELECT 
    AVG(pp.nilai) INTO nilai_ 
  FROM
    kegiatan_tbl pp 
  WHERE pp.nip = NIP_ 
    AND pp.kd_skpd = SKPD_ 
    AND pp.kd_position = JABATAN_ 
    AND pp.tgl_kegiatan = TANGGAL_ ;
  RETURN nilai_ ;
END */$$
DELIMITER ;

/* Function  structure for function  `get_nilai_pola` */

/*!50003 DROP FUNCTION IF EXISTS `get_nilai_pola` */;
DELIMITER $$

/*!50003 CREATE DEFINER=`root`@`localhost` FUNCTION `get_nilai_pola`(NIP_ VARCHAR(20), BULAN_ VARCHAR(20)) RETURNS decimal(10,2)
    DETERMINISTIC
BEGIN
	DECLARE nilai_ DECIMAL(10,2);
	  select (avg(a.attribut)*100) into nilai_ 
	  from absensi_tbl a 
	  where a.nip = NIP_ and month(a.tanggal) = BULAN_
	  group by month(a.tanggal);
	return nilai_;
END */$$
DELIMITER ;

/* Function  structure for function  `get_nilai_prilaku` */

/*!50003 DROP FUNCTION IF EXISTS `get_nilai_prilaku` */;
DELIMITER $$

/*!50003 CREATE DEFINER=`root`@`localhost` FUNCTION `get_nilai_prilaku`(NIP_ VARCHAR(20), SKPD_ VARCHAR(20), JABATAN_ VARCHAR(20), BULAN_ VARCHAR(20)) RETURNS decimal(10,2)
    DETERMINISTIC
BEGIN
	DECLARE nilai_ DECIMAL(10,2);
	  SELECT ROUND(((SUM(pp.orientasi_pelayanan)/ COUNT(pp.orientasi_pelayanan) + SUM(pp.integritas)/ COUNT(pp.integritas) + SUM(pp.komitmen)/ COUNT(pp.komitmen) + SUM(pp.disiplin)/ COUNT(pp.disiplin) + SUM(pp.kerjasama)/ COUNT(pp.kerjasama) + SUM(pp.kepemimpinan)/ COUNT(pp.kepemimpinan) + SUM(pp.guidance)/ COUNT(pp.guidance))/700)*100, 2) into nilai_ FROM penilaian_pribadi_tbl pp 
	  where pp.nip = NIP_ and pp.kd_skpd=SKPD_ and pp.kd_position =JABATAN_ and month(pp.tanggal)=BULAN_
	  group by month(pp.tanggal);
	return nilai_;
END */$$
DELIMITER ;

/* Function  structure for function  `get_nilai_prilaku_harian` */

/*!50003 DROP FUNCTION IF EXISTS `get_nilai_prilaku_harian` */;
DELIMITER $$

/*!50003 CREATE DEFINER=`root`@`localhost` FUNCTION `get_nilai_prilaku_harian`(
  NIP_ VARCHAR (20),
  SKPD_ VARCHAR (20),
  JABATAN_ VARCHAR (20),
  TANGGAL_ DATE 
) RETURNS decimal(10,2)
BEGIN
  DECLARE nilai_ DECIMAL (10, 2) ;
  SELECT 
    ROUND(
      (
        (
          SUM(pp.orientasi_pelayanan) / COUNT(pp.orientasi_pelayanan) + SUM(pp.integritas) / COUNT(pp.integritas) + SUM(pp.komitmen) / COUNT(pp.komitmen) + SUM(pp.disiplin) / COUNT(pp.disiplin) + SUM(pp.kerjasama) / COUNT(pp.kerjasama) + SUM(pp.kepemimpinan) / COUNT(pp.kepemimpinan) + SUM(pp.guidance) / COUNT(pp.guidance)
        ) / 700
      ) * 100,
      2
    ) INTO nilai_ 
  FROM
    penilaian_pribadi_tbl pp 
  WHERE pp.nip = NIP_ 
    AND pp.kd_skpd = SKPD_ 
    AND pp.kd_position = JABATAN_ 
    AND pp.tanggal = TANGGAL_ ;
  RETURN nilai_ ;
END */$$
DELIMITER ;

/* Function  structure for function  `get_sum_by_cols` */

/*!50003 DROP FUNCTION IF EXISTS `get_sum_by_cols` */;
DELIMITER $$

/*!50003 CREATE DEFINER=`root`@`localhost` FUNCTION `get_sum_by_cols`(COLS_ VARCHAR(20), VALUE_ VARCHAR(20)) RETURNS decimal(10,2)
    DETERMINISTIC
BEGIN
	DECLARE nilai_ DECIMAL(10,2);
	  SELECT COUNT(*) into nilai_ FROM pegawai_tbl p 
	  WHERE COLS_ = VALUE_;
	RETURN nilai_;
END */$$
DELIMITER ;

/* Function  structure for function  `get_sum_kelamin_by_cols` */

/*!50003 DROP FUNCTION IF EXISTS `get_sum_kelamin_by_cols` */;
DELIMITER $$

/*!50003 CREATE DEFINER=`root`@`localhost` FUNCTION `get_sum_kelamin_by_cols`(VALUE_ VARCHAR(20)) RETURNS decimal(10,2)
    DETERMINISTIC
BEGIN
	DECLARE nilai_ DECIMAL(10,2);
	  SELECT COUNT(*) into nilai_ FROM pegawai_tbl p 
	  WHERE p.kelamin = VALUE_;
	RETURN nilai_;
END */$$
DELIMITER ;

/*!40101 SET SQL_MODE=@OLD_SQL_MODE */;
/*!40014 SET FOREIGN_KEY_CHECKS=@OLD_FOREIGN_KEY_CHECKS */;
/*!40014 SET UNIQUE_CHECKS=@OLD_UNIQUE_CHECKS */;
/*!40111 SET SQL_NOTES=@OLD_SQL_NOTES */;
